atom_type,atom_value
domain,0brandaeyes0.xyz
domain,0standavalue0.xyz
domain,0storageatools0.xyz
domain,300gsyn.it
domain,41.me
domain,ab-ui.com
domain,abrahackbugs.xyz
domain,apacheorg.top
domain,apacheorg.xyz
domain,awsdns-2.org
domain,bingsearchlib.com
domain,burpcollaborator.net
domain,c19s.net
domain,canarytokens.com
domain,cuminside.club
domain,dataastatistics.com
domain,dnslog.cn
domain,doh.li
domain,eg0.ru
domain,flofire.de
domain,interact.sh
domain,interactsh.com
domain,kryptoslogic-cve-2021-44228.com
domain,leakix.net
domain,log4j-test.xyz
domain,log4shell-iocs.md
domain,longwang-sword.com
domain,m3.wtf
domain,medusabotnet.com
domain,mj12bot.com
domain,nazi.uy
domain,nijat.space
domain,psc4fuel.com
domain,pwn.af
domain,rce.ee
domain,redteam.tf
domain,requestbin.net
domain,ryedge.io
domain,scanworld.net
domain,vikingo.org
domain,x41.me
file,01808c569903f41a52e7e7b575caa890
file,01ab72bb23305adda4497dbc4ed4a2e518cca491ee3cd9d792e1a29133757f66
file,025f5fd230c30937378fb225020ec75a
file,02dce67429fad2edd674a80d239127190f2bf02e
file,035940bd120a72e2da1b6b7bb8b4efab46232761
file,03929346001b0e09b4a8608132993ef6cf8f52a3
file,04a84f9dfdaea338ce6b7e9b4faec1c812b23ec3
file,0579a8907f34236b754b07331685d79e
file,0679b5145c208091f06928bb4601940b0efb86bf
file,07b7746b922cf7d7fa821123a226ed36
file,085be0db81d3274719adb423b994f910
file,09eb4fe0eb581555fc7a6f74e417bef42db90cdde0be6a51733d9095f3304d5a
file,0a34b668102bc070e8cb1d1fc1b0b462
file,0af9f06338c94bc026787a85d06af5ac
file,0bb39ba78fc976edb9c26de1cecd60eb
file,0c054d4e4dd5455c9ff8f01efe5abb10
file,0c876245dfdeb17c0ad472b0356cd5658b384f6a
file,0e1a1382d4fd420f8a5ae1d88b3085e7
file,0e359c6e9c0635d4c79dabbfc22edaa3fa2f2e6e5d41049c84b1a63ebf799261
file,0e3ff7a455dec6ba7acc4d6a0c7a2f23
file,0f6eaec34516e9645410d704dd6accaa381dd23ac2aba3801e208f59d296923a
file,0f7c2dd019afcc092fd421ee52431aff
file,0f9e1390cb0b51a68e2c60b7dd7fcd79d3344db680721b2bbde0865e60269e28
file,0ff4c58ce45f906bc1aa8fc2e303e3ff0ad46f728c681b52d1c01b2bdf64e727
file,10101d53c0bc6b76058ebff26a647d69a783700b
file,10ef487ffff03f25444fcf1990c33e2354952bf7
file,11c8a8afc7c4b6fd883e9c0eb2c74bb5
file,1214c8bee2150b17a4f1c6f470723004273fc82f
file,1348a00488a5b3097681b6463321d84c
file,1444884faed804667d8c2bfa0d63ab13
file,15535e00e8000b285fb7117586b186d60a10a00f0c1f89b1f96c089535bfad6a
file,163e03b99c8cb2c71319a737932e9551
file,16bacb6e1cb42ca799cd60cb35bab128
file,1718956642fbd382e9cde0c6034f0e21
file,171cd4bb38157ca2a9c7e6457a1fecf4bc72196ad53b3c1299b50e1a1a5d7daa
file,1780d9aaf4c048ad99fa93b60777e3f9
file,18c8cb1f3bbac7540086b3ad0fddbe3984a74cea2bea412ae5358466e49a4187
file,18cc66e29a7bc435a316d9c292c45cc6
file,194db367fbb403a78d63818c3168a355
file,1b671c42ed304dc34ba41ac9f7666a251336455894350af40f402c30afd497df
file,1b9f62cc340fe7f39d6268b6265d6f9dc3686cee
file,1bcdc3f9a76d2aeb1711cb987b7bf045f70aee09910bc35dcd3a6faf9a3948a4
file,1cf9b0571decff5303ee9fe3c98bb1f1
file,1d00e0318a520fbde56a74b03e156a4077f85e31dbce7577718c6bc389a58b29
file,1db40b7e18cf228169d2f5d73bf27ef7
file,1e051111c4cf327775dc3bab4df4bf85
file,1e18156affc3a50e01ae215e404a9316
file,1f932de60e885b0ecba116656250d254
file,1fe52c0b0139660b2335dd7b7c12ea05
file,20df80b56b1b6ffc8ca49f8ad3ab7b81
file,20f0b4e1a16bd2030f0acc2b277cb16f
file,230c153c8ad526ca74440ea40ba40d9f33ee7bdb
file,23b317600f4d82ea58c6b39b6eb5a67c
file,23c98c1278a7e4290187a4a927f1d627df99aa56781753a42d3fc25d11346e6d
file,25a2c65d0525e1cac372a3096992a91b1a30153c
file,2615ebcd4c82d8822ce0b58725938cc6
file,269c7955653bdf27aff6d1e1a94eda93
file,26f330dadcdd717ef575aa5bfcdbe76a
file,293cb386c69e40b297f1148cc55b97612263e0bcd0610f4fe7348746f43d0e1d
file,2945df7e51c538be9007cf331b38afb24c5a323061aa765a83130a5adfafa07f
file,297297004feba40bf8a664b84eaaff07b0d054b3255611b76a418dc23b89138c
file,29851d65fe14699a793bf401cb84c019
file,2a4e636c4077b493868ea696db3be864126d1066cdc95131f522a4c9f5fb3fec
file,2a5d5a37da4899a8f9c216e2cd7d5b0a829b44dc
file,2a7ab0584112313197c2efb5ccd45332
file,2b5f04d15e459132a5935260746788db39b469ea46859c4a5bb8625f8a80bd41
file,2d3b859f2ad3f0e296fd29c1abc5eb80b4dabe7c0b9d9a3b44821c9ed8e015b1
file,2e5188227421b68fca64d07c9a298115ccdd6b1f
file,2f5769c38b6e5f4c59b7d831ed612395
file,2fbc3b9421bc770831a724d9e467c7dbc220dc41c0ca21d33a45893be4ff82d4
file,30c54cfcf088fdcc349dcc7f58b73794afb83b675dfde152617d2a121ec49ad8
file,32cb569f3bda0431e53972a0835613a0470714e8
file,32e83337b0a85623d1485cdddbd3cbfda5046aee89f66cb11b7a6dd7e109247c
file,33272d903f777ef7f5334c0f45fe1aba74c932fd60bacb117df7fa39a1335f64
file,332b6dc17abf9ad6ef9860db7139dc1d481f8d4091ee001c94e79ec42ab9792c
file,3430139e131617957d8c6aa48002ddac
file,34591bb2484145360ec3af5c0fc5e364304f0c252890ac6fafad76ac3155185a
file,34eada0ce54442ef4e921de48d9910eca7ee57327b2d2d3eca78a621fd343720
file,35bf3b315255aa52153e477c040f90c99c10f2e0
file,36796319567f5a05571006b874903e87
file,370048d94830f0ebd41b052ef455ae4b5b7ca62cab27d1d8d94fdade67e454d0
file,37629621f4f6831309fc881f88c255d3af48cfc1698ac72acb6b02306b922ed6
file,397dd8f6a9057fb26c8c14557a9311f819b449cf
file,39a9b92a69a191db0a7e2bc1e78d55e4
file,39fc2cee0a2bea3ee9a065f6955ffd43
file,3b375dcda1f6019d986de1f7ae3458657e623c4f401c121e660add55d36a9e8c
file,3c7a4da4190ceac25f28719794e2b9e6d62105c1
file,3c93ba94de736516df6995bf16b377ccdc2a5396e577be5f1f19f525f2eac67a
file,3dfbe75871e218d08328a01c56e1bb42
file,40e3b969906c1a3315e821a8461216bb
file,41103faffda02188fcd34186376ab9c1165d8a64
file,4180515e740e96fe420fb7bd8869080c0e7f0fd0
file,44893d0924d8e3015bfed9c1bd166fa01b5ca693
file,460b096aaf535b0b8f0224da0f04c7f7997c62bf715839a8012c1e1154a38984
file,464dc763c817efdd80f93da98eaa45a3feb667d63902735301490461ee41c279
file,477b49df42b2cd2805fcffa8de2dd14d732628e1e1c2132cb22b8687ee9312d3
file,4b4de839ca7ae59b30c8623128a5c3dc5fd50a32
file,4c2ddff1ca4003ca5e3ad897363b55c21041155d
file,4d9ea905cda378e8537bde96c9808602bedc6dd1c42cc5e0a78f02e82f609137
file,4e3d8806e6c9ba334166f12ffe4e27dbde203425c882fccf1e452f77355b7d25
file,4f34f8f156fdf12e0817a610344b11abdee87cfbed862bf91eb7685c63696898
file,500609201383cae84eed253d4691db065fd70c7961131ef0e75deb2abc3368d1
file,51e052eb6032d11b3093fecb901870ea
file,53bf72e937f5c95a18bf05c0193392c7a7570fe310755dc6cf2686c880c4fa6e
file,54eff90297dc533f121580e1d3989884c79350253853c3a65cab30c69685aaa2
file,54fccf779c1611fe486a5c232f32f4d2
file,550f9f929bcb99aeaa3821779d8dea62
file,555c237debfa272cf7faf0b4cedcc53f2302702da72677d20d766fe60f067e56
file,56ecab8a48e2db4d1693cf20159b06c26d029a9b
file,590df5cd07995c11f9ba24cb6422b688553b23b3
file,591677b54eb556e7e840670eccb2d62434e336af6d3908394d17cb26e99c4733
file,591b111f8228d7e0cc7465a91ba7d2e76b899f6b
file,59f1ea21e2a8320a454ff6396844d5349c4992cf
file,5a6198405d273aaead4acb7fe38aec07dfec9be00ff68750da96d18ba0d97062
file,5ab9e2fc63a49ddba2ac2c62e74b46c6a99db4fc
file,5ac6ded41f9a61cd9d026e91af47b695
file,5b30284b34dcc1912326812c7d2ea723
file,5c53adced5f26c4d2e5112316a67ffd1
file,5cbec4c736541179b6394d8a56074fb5254e3fc7
file,5ea805c69deca701f2310a079d1c5502
file,5f6744fa026a4638bda5b3d7d5e015dd
file,5fcff086eafd4bed4e42687427fd00910fe26b1e
file,6091ad14695e674043d1cc7ea8cc42d41ba00d7e5f78e1fabf8a8712036fed9c
file,60e6a272868a36fab267c567088867fc0180bcc5
file,610eea70cfaf3e652799b5b9208cbb5b99330a30
file,61b1f02ba86e433c19d9b4db2fa5dc9c47ea66ff
file,62a42183afedccb320f5d41daa7363b42d08f316ee60626dabaeb5532b394a64
file,62cbdd65a97c8e4a7889ba2754886942a1ff31c2d879cdc65f3604de0d3d2482
file,6349d5381beae42063ede8cb76143267
file,64808f03e967d15a7907c41fa0d34e89
file,648effa354b3cbaad87b45f48d59c616
file,64c400ef398877bfb2758e31bc388ba4
file,667ee4d180d1e22a310fc4d1b83b635d
file,6954a18ac3a6b8c3ac051a6c02f81e6f0332c460
file,6987ef17730d6b66173a1750b7520d1e4d3a25934b013c87406039659bae06e5
file,6a8965a0f897539cc06fefe65d1a4c5fa450d002d1a9d5d69d2b48f697ee5c05
file,6ac57a1e090e7abdb9b7212e058c43c6
file,6b1cc72dff9746469d4695a474430f12
file,6b8d6676b487b492f313827467a3d37a9bed7968
file,6c45caf915b8abc9fd91fa7f1a47ecfbeaabaab8
file,6caa47c3ec16a50b30afe6fc41842b0e
file,6cdbce4d65a5be9a4d8c55d74b30186991d38de9
file,6cead82e17c2dacbb83998cfe3841704
file,6d275af23910c5a31b2d9684bbb9c6f3
file,6d4ee57182fd5dba3f11bf2cc19975adca1c0809
file,6ddd9abdd8775b9e1341861fe13fc10a
file,6e12699dfc9bedd834d93e76e95f379218c86442
file,6e77e83579a99f31eca5e693450efb94
file,6ed8e4ffc8dc37f1fb6bf53a6418bd9e5f4a0d67
file,6f3885eee3668bafbefefd2eb17f4105
file,6f3d7c01c25decca73f8e7c7d998ff4a
file,7101cb0d0229a3794d7575b619f051dde4eba58eae47756f675d552502e6dbe9
file,71e644015f646f7532c7dd2c3c847364
file,720a3a92e72054dc8d58e229c22bb892
file,7356212c0268bfdf78e089b0b9f3a32d
file,75bc0d4022b20fae1f5610109691184e
file,79271d57c531c79536bc0be0d71e3a372bed9c10689257a7727475ab41e3e161
file,792963b0e361910c73d0ff528355d7eb09ffb8e6
file,798e4ce0287392cfe9c4f6d0905d004d8e435882
file,7b09767e5a6317cbea14ff3b59d65938f69fc53e2f21fae3bcc239a672ef50e9
file,7b4b1f12103d5e4f83298ea6272d5d0e0174fee9
file,7b72cf30ac42c20f0a14b0b87425c00a
file,7b8ce524ae078a76a69548aebb95cb7e
file,7bbe13204ac45a31344a71a0e260ffe0
file,7cef5fbfdb2369c4168d875a508952fce6a76b59
file,7d3f686801ae3f90f36aae17f7a66478
file,7feb4d36a33f43d7a1bb254e425ccd458d3ea921
file,7ff801f9782137fd29711b37166144e6
file,81fbe69a36650504b88756074a36c183
file,843413de774035248d597941839e3b82
file,843ce87037ac49892685f53b5139daacbbca55e5
file,844864c45816b10356b730f450bd7037
file,84c2ccc2f2a4d4fe71249bad63252f32
file,854e6a8fb83710409596725cf87ea0b6b900a8f68a29525f0bd7ba3ba41a1fbf
file,8908c6271730b72a3fc403aee15412a95c691505
file,8a009dee6bfb6f79c0881f5d150eead92c93354d47fd1cb204791320d2151634
file,8b1d95123a8da5fc351422aa057b9ec7a954c608570757d644e56c72133ec1ed
file,8be866ae94b6bee107e3755fd1e9bf0d
file,8d9874d9b7d18e4e01c78fbbcdd61143f8884541
file,8dd2f5868d391f25b9a03bb4071ce9a6b27a7ae2deb6c4871fc87020b13ba459
file,8e07f5fca7d2a1bdd82e1c916b2dbb83922f9879
file,8e9febc8182af31bab8038b9179c5808
file,8fd4416f84d30f0480b2676c0fe3e31ce1e10d5f3d88d10bc6cc3e5d878ba0b2
file,933568969efe6b3f8c0621200f0eea5a
file,942f429eacb8015e18d8f59996cfbee6
file,94ca0343c284879dc7d6ddc2d861893fc5e29b2a
file,95548e4075dda4b11bbe5be359d5612f3e61e1b71c717ddb18225737bcada8dd
file,95bac3dbd20a3af70864dbeb07b41537e84ba02bcf1a8c1dc7e20187ef590658
file,95d9a068529dd2ea4bb4bef644f5c4f5
file,9612bb19036aa4f07ce647e86bea88bd7c93cffb
file,961ff74e2b10fd13604510c02d85ff80
file,9635e3a928ffa81722a87409b94f464517f0af5e153d5c2cbee524ee658319de
file,96364eef5116a5825e16b1c28eecb6b5
file,963b4f516b86c9d8b30befe714cedb22
file,97337a4e48f3722db0c82caac6e6e04c9377f64e96edbc7179a00107b2d396cf
file,9a92c8ed2efd7a32d0c6be3ddc472940fc3f4da7
file,9b22dc965582572dd8f07f452228b18b
file,9b742f7b44c71b4a0d19790228ce85d8
file,9c0d637225c681ac47c5ce084dd390f394cce84e
file,9c209a0873b85e1049efdd341ba148eab1764bcc
file,9c6fc361f49627f13957604e1478593555d28984
file,9d598e5d2d936f0b4e6bce15f661033c83d4be6123277f2f10072ca8708dbe89
file,9d647f2d1a9dd9a86ba18c42ff5da444
file,9dd9f74484642fabce8ace0849072cbd96cdff90784cbecf9e1f8d1875acc24b
file,9faf1dbcb4942cf3e3578414402180ed
file,a16189ede9b4b2240654e38ccc5c4d386c37b4375f1c7ad752a5c8ba0f770232
file,a191dbc673dc3d5eb1c4736a8278ca57
file,a354ff4416bc11331b3a66fc7d0ef583d3420aa06e33620e4529ebbc07c1a1f6
file,a3cb3b02a683275f7e0a0f8a9a5c9e07
file,a45599d81cbf25b7bf0968d49c9ced68
file,a4d2852798ee15b7737ac660d0fafb76c56927f2
file,a4f9761b5f9d8804ef4315c5ecec64f6
file,a63a1178e3b3399bb2a2a82f3ce5510c6d50441e361cc44cdfde4be2dbb96273
file,a693a81614d87869fcd995f3e98596b5
file,a87cc375413b79a89a04626d1def3bdb35cd3e2e
file,a970ed882313caa59335fc0bc48c7d81
file,aa40c49e309959fa04b7e5ac111bb770
file,ab80c03c460bd3d6a631fd0cedddef49
file,abfffbc733c72fb32b07b9cc227069c1
file,ac15b2b73f44c9f67a3fc907ec34d897e068ca29
file,ac46725d732f453d039dba13f410be7016750621551d4e57a2d5b769aebe3191
file,ac8b066d261ca6312c3b2986fe6a95e51528d4d995bad70ee13883709004cbfc
file,ac8f86909b45f36d7ab862081bce71676b1e90b5c22f195d359a023eb7bf2589
file,acee475e55a68cd5406b661fc26f55d3
file,adf98e2bfb854422864cabc37eaa4756b0a52a23fd9302e7df17cc9cd079b07f
file,ae02f2bc9fcbebc16d972227a7be5e33
file,ae65526443b763c6e2e0bbcc0577739dd26f31574d96d4cf5e9263c51403b119
file,ae8293fb6e6c22d57b7a1a445fdfdb376e9705d29997a2d433fde0ad55c343c4
file,af218e34e12216d56e5c6c86704804866100aa09ccb9160bc4029492c3f1f959
file,af2d86042602cbbdcc7f1e8efa6423f9
file,b187e163d1bfc5d1fbfe1ab07d4ff0b95e8a61b3
file,b21aa1107ecc79f4ad29f68a026a02e2abc952ef
file,b295af535c344e8268a4ed0dbc7a33f8af013711
file,b2e2d4694040d4fc80237b9db5fc442d
file,b3651f2e069c9db83f35eda3cc663ecfb8167d99
file,b3a6fe5bc3883fd26c682bb6271a700b8a6fe006ad8df6c09cc87530fcd3a778
file,b3ae259df698576d682af6d00ba89a2182f00c02406589fe4dda5f4d8f621e03
file,b4188e7c2c16141198628680f8c8d7b3cb0c631114433a390c3c45724dc675fe
file,b4907969621e33928d0069cabeb31f471e2db2a3
file,b6065c7ed17bcf2471a2a72dfce26f0cdff5e4ba7f02b826fb0093cb94e8efea
file,b7c7d63c8e1270fe29d2e4966a14f4c0af14f3bab4ad20bea9386076642cf749
file,b7f13b16a844e22b9ce89a283cb40854
file,b90f05b5e705e0b0cb47f51b985f84db
file,b9c17b9d324fbf561eb568dff665f801
file,b9db112281e0e0791ea3a779057549d6ae5059c4
file,babd228e122f9268d083182d253d8eb4504a1d79
file,bb6967f006c0680874389c54b2322707a41e16e5
file,bc4f47f951ba63b9b5a915b28e487e64
file,bd97f9eba8b7a879d775714ee1a4a815b73fd210
file,be6c0868dfa81d39d52c2df02c394e216afd8015
file,bf256b4766cddc34926d066d5ea089691d469251284669a8516f15db6806ba84
file,bf6935865f63c32c0530a61da9b85d53
file,c01383125df1ecbc5bb85249a57e764c
file,c05f8b395c6356bf99aad9c84c13a867
file,c05ff7d753092b92dc3b0a60218673e3197de5e7
file,c0ad8b4b83b3d408d0384b43a4e558d94453147c99aa0b4bc662b4896638c41e
file,c0b0ce14ddec51de6af9fd34a17755ad747ee564
file,c154d739cab62e958944bb4ac5ebad6e965a0442a3f1c1d99d56137e3efa8e40
file,c18d3128042528e4a1ea9e34a9300bad
file,c1d7e4716561cf0f055cdb17b29f4e5f08fdc9a6
file,c3120f5ba0f16ce6d7145b4658c184f0063c2f65979c3ff390fafbec72bab582
file,c3211cff43c409cccdbb0e6243a80a6fb41c6017
file,c41ed956c3036072368aee7cee61fa702b6c9ab7
file,c64636e272b0d1e881c68fda45df4f9c19d4aadc
file,c6e8e6bb0295437fb790b1151a1b107e
file,c717c47941c150f867ce6a62ed0d2d35
file,c7a4367117147eeb5b357d55772ef3ff3dda959d
file,c7bcb3b84244a22e6ee9699cfbd86dc9f27fc677
file,c8ba8bcfd8f068a19b89f112e80a9e56
file,c8d0355e439c74ae436d3c409fe4b1f7b1c6c2d6fb97d2375bbaa49de94f642b
file,c98e4eb1d67963ad6d854e3afe950387
file,c9ff9dc137e97cbed9f12118c85cc99dce746ac6c66a45e21312091f5fca1fff
file,cad088ba9c43e1a13bba0a3d44bec1ef42bd22fdf12dad2bd73a22666bfbd009
file,cb0e012924d6c2980250fe0c3c892bde9f9aeb75b86baf5bbee7d28904186546
file,ccef46c7edf9131ccffc47bd69eb743b
file,ce06ed30774e245c4eead6b62e4a173c886a87b7d8b9fe7ba5d7c4b0b72fe08e
file,cea01a68730673435eb18d3c10e77a526385a9ac8195c8d74d33a458bd233d05
file,ceb9a55eaa71101f86b14c6b296066c9
file,cf2ce888781958e929be430de173a0f8
file,cfbabb363ccd730638a8581b68c1034ccd474207
file,cfe0df9d02b3e50ae100135ed944200edffa5c52
file,d0a372f3748674ccc70f81601c3f226ef92cc8e92c78bef328e7e45217c1a87f
file,d127acedaedb230eb3a7fde24a30774367aaee9f
file,d20478a01344026a0ecd60b0b29e9bc1
file,d226bb11446561f78ffe8abca02fd3f088dc7483
file,d4cf8e4ab26f7fd15ef7df9f7937493d
file,d61c21eb34a0a050da32bc884d4e6a2c17bb6a80
file,d6312c8a44b4419e5952fa33b875d64fa6da55f8
file,d72203d462053c1636e20cf648669b040357d5db
file,d766bd832973a991c5894a3521c9815e
file,d9f82dbf8733f15f97fb352467c9ab21
file,da13d6abb626797759d6532b518f45a70113e332
file,dbc9125192bd1994cbb764f577ba5dda
file,dc435b35b5923eb05afe30a24f04e9a0a5372da8e76f986efe8508b96101c4ff
file,dc71636c29e5d3901e3571c86b9463af
file,dc7d2d19e3893b810be6a5a280a5eed79342367a
file,dcffb04aa4ccf54137c0ac921e181afd
file,ded558217c327d8f5c3f8b36118380ab
file,dedeb1640850a6ef21cc0efb5f1f96309f62dc10308c6b6c35a9cdadaaeffa13
file,df0f21d8358ea6690a2e3080ba5c5b2c21725480ffa0d8c813973d15201adc68
file,e121d1050bf62a94adfde406325e70a7878b3ed8
file,e251dc3588ef0092d836665e414daffed03d2f47ab9fb67786956cdfd3a9a92a
file,e29b1df3acaa1dd701fa123e362ab52d
file,e49ff404012f54f6fdafd8dc301b0c03722e17a8b394f8187946c7d2b4dd7110
file,e4c8b03ff8cdf1fa63b7d15db6e3860b
file,e64064f76e59dea46a0768993697ef2f
file,e6872486aa6eed9309d787637c287cae
file,e6a6ca7b1aeed5f4cc1e43fd6384230e
file,e8adfebaff4958e707b9d841661c16b7
file,e96da5f0d23c31152f96639e5e75b9c3c103402d5d1187e0db9135adb5a0dfe5
file,e974c09f204b99bfcdeb9fe4a561a28e064c612132829919f8b99a838c2b2106
file,eb71a394bcf3e8f83198d51f3f6d7422
file,ebd827a6e50766508b87f51d7ce6be5c
file,ec07adfcdf6e3e4a1e84191eb1cf6a91
file,eca07e2644f4ef115031d41cdd22df128a23baf4
file,edad7ef9c005c757bf2ec6f51579df2b967b96598c8e31aa207f16aa71969609
file,ee2ce085d5255e516a2d8f51c56225225263355a
file,ee38c919d1a1a34844fc240b3b49e0dc
file,eeb860d1a0949b84609fd208bbee18be
file,eec5c6c219535fba3a0492ea8118b397
file,ef5abddf17546d3567cae48b5b6a58275a748439a305a6fae7f31bec42c59c65
file,efbc218dfff5c4d9e4b1449380fd31a0380aee8cdfede1356ef20a986342b300
file,f059246cea87a886acb1938809cf4a1152247a5b5a2df0b1bf64c46a0daccbcc
file,f14019c55e7ce19d93838a4b2f6aec12
file,f1ed96b8ef99a9d72ed3ea2d26adfa1242df9681d109cbb337f8466f55e061fc
file,f2bd9ddcb8bbbd919bda0bf5ffcc35093554a0ab2bf75dd008429486720ff86a
file,f5271f6b20fda39c213fd9579ad7e1fb
file,f53716facd7581f833ab3775f188f591fbaff819
file,f5aad25672ab0edd379fc72ed2246fc8d0ee3a77
file,f5d6125d75a4919441c88feaf793843e9d334391
file,f65f547869ca35a8e2902c4dec0dd97f
file,f6a377ba145a5503b5eb942d17645502eddf3a619d26a7b60df80a345917aaa2
file,f6e51ea341570c6e9e4c97aee082822b
file,f8766ecc7775a6b14e6e46ef1e162cb609179c7a44e39a393c8fcd2ef0cd8ff0
file,f8ed43117dfb995f4b9d88f566394ba4
file,fd56ff5555fca9c38f1d4877f7951e10743ce7cd
file,fe0e9775cf4e0f4213e3b52e96a5b4d875509ffd
file,ff171712ab8816f3d7600fe75bb18052
file,ff30416ab305aada2a0e3fbbd05ca32e82438f1c
fqdn,0005f49368dd.bingsearchlib.com
fqdn,000864ffaf5d.bingsearchlib.com
fqdn,009cf07646dc.bingsearchlib.com
fqdn,013982df19dc.bingsearchlib.com
fqdn,015ed9119662.bingsearchlib.com
fqdn,01fde8c5eef6.bingsearchlib.com
fqdn,023371450809.bingsearchlib.com
fqdn,0241465b.probe001.log4j.leakix.net
fqdn,024e5d4e29f6.bingsearchlib.com
fqdn,029e7c6c.probe001.log4j.leakix.net
fqdn,0384eb5a.probe001.log4j.leakix.net
fqdn,0455cf49e9f0.bingsearchlib.com
fqdn,047f1f300c55.bingsearchlib.com
fqdn,04ab391429fa.bingsearchlib.com
fqdn,04c54d3672bd.bingsearchlib.com
fqdn,0561eaed.probe001.log4j.leakix.net
fqdn,05a1253070c9.bingsearchlib.com
fqdn,05c684d21698.bingsearchlib.com
fqdn,05ff6845.probe001.log4j.leakix.net
fqdn,0610f474074f.bingsearchlib.com
fqdn,065ce2d58fdd.bingsearchlib.com
fqdn,06d102b95479.bingsearchlib.com
fqdn,07fa356d28c6.bingsearchlib.com
fqdn,092a09045f40.bingsearchlib.com
fqdn,09adfa0a2dac.bingsearchlib.com
fqdn,0a8d2f72ee8e.bingsearchlib.com
fqdn,0b437489cdec.bingsearchlib.com
fqdn,0b713477a743.bingsearchlib.com
fqdn,0baa4f050aed.bingsearchlib.com
fqdn,0bcd9d8258ce.bingsearchlib.com
fqdn,0befe45a1117.bingsearchlib.com
fqdn,0cd8f9b3316f.bingsearchlib.com
fqdn,0ce7fec15358.bingsearchlib.com
fqdn,0d616f24ad97.bingsearchlib.com
fqdn,0d8589188b4c.bingsearchlib.com
fqdn,0d999a4161b7.bingsearchlib.com
fqdn,0dc1eed0.probe001.log4j.leakix.net
fqdn,0e0a66be4e2a.bingsearchlib.com
fqdn,0e3610b0.probe001.log4j.leakix.net
fqdn,0e3bfd730cad.bingsearchlib.com
fqdn,0f7b09b34039.bingsearchlib.com
fqdn,0fd6d891fea1.bingsearchlib.com
fqdn,1056ba40b158.bingsearchlib.com
fqdn,10580de787ba.bingsearchlib.com
fqdn,10c100254da9.bingsearchlib.com
fqdn,10d70081fca0.bingsearchlib.com
fqdn,11.21fqfx.dnslog.cn
fqdn,1154f765fdc8.bingsearchlib.com
fqdn,1181a9ec5624.bingsearchlib.com
fqdn,119b7332016d.bingsearchlib.com
fqdn,124268d89547.bingsearchlib.com
fqdn,128d668f.probe001.log4j.leakix.net
fqdn,12e31f4d026b.bingsearchlib.com
fqdn,12e3621bf406.bingsearchlib.com
fqdn,12ff8f937c9e.bingsearchlib.com
fqdn,13.21fqfx.dnslog.cn
fqdn,1333.ccg42f.dnslog.cn
fqdn,137683b2aa41.bingsearchlib.com
fqdn,13bd75c8f879.bingsearchlib.com
fqdn,13fc220878f7.bingsearchlib.com
fqdn,14.21fqfx.dnslog.cn
fqdn,141d39fab6f8.bingsearchlib.com
fqdn,15.21fqfx.dnslog.cn
fqdn,15df2d977578.bingsearchlib.com
fqdn,16.21fqfx.dnslog.cn
fqdn,1606be04fe34.bingsearchlib.com
fqdn,169745c9aebb.bingsearchlib.com
fqdn,17.21fqfx.dnslog.cn
fqdn,1702e2f8aa8e.bingsearchlib.com
fqdn,1766270cce8d.bingsearchlib.com
fqdn,17db07985c26.bingsearchlib.com
fqdn,18.21fqfx.dnslog.cn
fqdn,181348c85701.bingsearchlib.com
fqdn,184b0e00a853.bingsearchlib.com
fqdn,184dcac8da3c.bingsearchlib.com
fqdn,18643f1cd643.bingsearchlib.com
fqdn,1886059b.probe001.log4j.leakix.net
fqdn,18a5633f1455.bingsearchlib.com
fqdn,19.21fqfx.dnslog.cn
fqdn,1989.ccg42f.dnslog.cn
fqdn,19fc6578cbe2.bingsearchlib.com
fqdn,1ab1b9cbdbd6.bingsearchlib.com
fqdn,1ad97b75.probe001.log4j.leakix.net
fqdn,1aeb1cfef766.bingsearchlib.com
fqdn,1baaa1825889.bingsearchlib.com
fqdn,1c076c450ae4.bingsearchlib.com
fqdn,1c788b4a217b.bingsearchlib.com
fqdn,1c9831159f4d.bingsearchlib.com
fqdn,1cb4ab1f331a.bingsearchlib.com
fqdn,1cd8008627fa.bingsearchlib.com
fqdn,1d01d1cecd7c.bingsearchlib.com
fqdn,1d497d924374.bingsearchlib.com
fqdn,1e50d3412af4.bingsearchlib.com
fqdn,1f0e4d34cb8f.bingsearchlib.com
fqdn,1f8d1c500125.bingsearchlib.com
fqdn,1fd8e7dfffef.bingsearchlib.com
fqdn,2.21fqfx.dnslog.cn
fqdn,200e0216df94.bingsearchlib.com
fqdn,20be518af0b1.bingsearchlib.com
fqdn,21.21fqfx.dnslog.cn
fqdn,21010c91173b.bingsearchlib.com
fqdn,2106e8634be7.bingsearchlib.com
fqdn,2174d47e8d04.bingsearchlib.com
fqdn,21cfb0f4.probe001.log4j.leakix.net
fqdn,22.21fqfx.dnslog.cn
fqdn,223bdb31890b475c.y.psc4fuel.com
fqdn,224bb1fc26e9.bingsearchlib.com
fqdn,22524e9c8fbb.bingsearchlib.com
fqdn,22e1457310ea.bingsearchlib.com
fqdn,23.21fqfx.dnslog.cn
fqdn,2300703767f7.bingsearchlib.com
fqdn,23161a68213a.bingsearchlib.com
fqdn,2370e1c2d398.bingsearchlib.com
fqdn,24.21fqfx.dnslog.cn
fqdn,2463193f0648.bingsearchlib.com
fqdn,2527ae46a154.bingsearchlib.com
fqdn,252f3b746c54.bingsearchlib.com
fqdn,2567c2c73758.bingsearchlib.com
fqdn,258b23992ec8.bingsearchlib.com
fqdn,25db94c8e8f8.bingsearchlib.com
fqdn,262ade32441e.bingsearchlib.com
fqdn,2639c6a2.probe001.log4j.leakix.net
fqdn,2672fdd4d9dc.bingsearchlib.com
fqdn,2674bae11493.bingsearchlib.com
fqdn,2695b5cbef34.bingsearchlib.com
fqdn,26bfa31a.probe001.log4j.leakix.net
fqdn,2725e8525009.bingsearchlib.com
fqdn,2769ffc08aae.bingsearchlib.com
fqdn,2783.ccg42f.dnslog.cn
fqdn,27a2a4c5895f.bingsearchlib.com
fqdn,282dcef2c41f.bingsearchlib.com
fqdn,2862853fca0b.bingsearchlib.com
fqdn,288472b3.probe001.log4j.leakix.net
fqdn,28a5c6b97cdb.bingsearchlib.com
fqdn,2956.ccg42f.dnslog.cn
fqdn,2996bc1fcd73.bingsearchlib.com
fqdn,29e3059e832c.bingsearchlib.com
fqdn,2a5f20f1d7a2.bingsearchlib.com
fqdn,2aac03639b45.bingsearchlib.com
fqdn,2aeb9a8703d5.bingsearchlib.com
fqdn,2bc3bfcd60fe.bingsearchlib.com
fqdn,2bfed97c2961.bingsearchlib.com
fqdn,2c4314c48c39.bingsearchlib.com
fqdn,2c66efb5fd84.bingsearchlib.com
fqdn,2d7e6fce281c.bingsearchlib.com
fqdn,2d99286c254b.bingsearchlib.com
fqdn,2e27b91e6a4d.bingsearchlib.com
fqdn,2fecf78c35d9.bingsearchlib.com
fqdn,2fff1c940e94.bingsearchlib.com
fqdn,3002.ccg42f.dnslog.cn
fqdn,307087f7579a.bingsearchlib.com
fqdn,3107c80c1e2e.bingsearchlib.com
fqdn,31238eb3beff.bingsearchlib.com
fqdn,3133ebceb44d.bingsearchlib.com
fqdn,3258e8677d68.bingsearchlib.com
fqdn,32fce0c1f193.bingsearchlib.com
fqdn,33d280df2b53.bingsearchlib.com
fqdn,33md83pj196o7feplsaldfpqt.canarytokens.com
fqdn,342fc8272fb0.bingsearchlib.com
fqdn,346d134fcfbb.bingsearchlib.com
fqdn,34b4742e7dca.bingsearchlib.com
fqdn,34c20860658b.bingsearchlib.com
fqdn,3564a4a65bc8.bingsearchlib.com
fqdn,35e986ba16e9.bingsearchlib.com
fqdn,35ff36e69c90.bingsearchlib.com
fqdn,36e18fd31a0f.bingsearchlib.com
fqdn,377f2cd13353.bingsearchlib.com
fqdn,37fccd21badb.bingsearchlib.com
fqdn,380103eb7aeb.bingsearchlib.com
fqdn,38010d058864.bingsearchlib.com
fqdn,39fd3743.probe001.log4j.leakix.net
fqdn,3adfbdeec1fe.bingsearchlib.com
fqdn,3b1e4a8d7eb2.bingsearchlib.com
fqdn,3b3a1479842c.bingsearchlib.com
fqdn,3be6466b6a20.bingsearchlib.com
fqdn,3bef8e467305.bingsearchlib.com
fqdn,3c0499e3d24c.bingsearchlib.com
fqdn,3cbea99275b5.bingsearchlib.com
fqdn,3ce54779494f.bingsearchlib.com
fqdn,3d57b19c7dd3.bingsearchlib.com
fqdn,3df3bd70.probe001.log4j.leakix.net
fqdn,3e4a2d90c99b.bingsearchlib.com
fqdn,3f7153422cf8.bingsearchlib.com
fqdn,3fd1b0bc.probe001.log4j.leakix.net
fqdn,4.21fqfx.dnslog.cn
fqdn,4.ihqufh.dnslog.cn
fqdn,4012579e955f.bingsearchlib.com
fqdn,4012e04b.probe001.log4j.leakix.net
fqdn,40565954636b.bingsearchlib.com
fqdn,4059aa7bbc10.bingsearchlib.com
fqdn,4070ed75d85e.bingsearchlib.com
fqdn,40ad2f4bb07e.bingsearchlib.com
fqdn,40b339b6168d.bingsearchlib.com
fqdn,40cef4b0858e.bingsearchlib.com
fqdn,40d43ba64cc4.bingsearchlib.com
fqdn,40eeada5.probe001.log4j.leakix.net
fqdn,41.me
fqdn,416b21120a59.bingsearchlib.com
fqdn,424bbd495916.bingsearchlib.com
fqdn,4261.ccg42f.dnslog.cn
fqdn,42ba685e49f3.bingsearchlib.com
fqdn,42fe37ef1663.bingsearchlib.com
fqdn,43065f484327.bingsearchlib.com
fqdn,447d3a339473.bingsearchlib.com
fqdn,44cca783ad16.bingsearchlib.com
fqdn,44dd10a4e8e0.bingsearchlib.com
fqdn,4568-3409-8076-3389.service.exfil.site
fqdn,45a046dc35a2.bingsearchlib.com
fqdn,45cecd2f38ca.bingsearchlib.com
fqdn,4697ca73.probe001.log4j.leakix.net
fqdn,46c5056a2388.bingsearchlib.com
fqdn,46c70a67acd3.bingsearchlib.com
fqdn,46d97df39a02.bingsearchlib.com
fqdn,46fda53f5c6e.bingsearchlib.com
fqdn,47.252.24.16.qpgu9j.dnslog.cn
fqdn,4703a44fa444.bingsearchlib.com
fqdn,470ffdd3c533.bingsearchlib.com
fqdn,484aa866cd6c.bingsearchlib.com
fqdn,4862f1f5c2c8.bingsearchlib.com
fqdn,49fc7bf867ef.bingsearchlib.com
fqdn,4bb39c6f.probe001.log4j.leakix.net
fqdn,4c1ece5d0c54.bingsearchlib.com
fqdn,4c2c2390.probe001.log4j.leakix.net
fqdn,4c3564dc3448.bingsearchlib.com
fqdn,4e35709115ae.bingsearchlib.com
fqdn,4ec05e773350.bingsearchlib.com
fqdn,4ee46526baa2.bingsearchlib.com
fqdn,4ef6f10dd8a2.bingsearchlib.com
fqdn,4f82fd6de455.bingsearchlib.com
fqdn,4f894784b6ef.bingsearchlib.com
fqdn,4fd955429073.bingsearchlib.com
fqdn,4ff88acb.probe001.log4j.leakix.net
fqdn,5.21fqfx.dnslog.cn
fqdn,5015222e57dc.bingsearchlib.com
fqdn,5017a01e.probe001.log4j.leakix.net
fqdn,5047e48e05ee.bingsearchlib.com
fqdn,51118579478f.bingsearchlib.com
fqdn,5151e4c6.probe001.log4j.leakix.net
fqdn,525b9f8c810a.bingsearchlib.com
fqdn,526cde5a9a9a.bingsearchlib.com
fqdn,528f0838ae11.bingsearchlib.com
fqdn,5366eae72dec.bingsearchlib.com
fqdn,539e7bcf42d5.bingsearchlib.com
fqdn,53b21c570edb.bingsearchlib.com
fqdn,544fe6d9675e.bingsearchlib.com
fqdn,5463610592ef.bingsearchlib.com
fqdn,5486b6edd688.bingsearchlib.com
fqdn,549d5ed68112.bingsearchlib.com
fqdn,54c015aff381.bingsearchlib.com
fqdn,54cfec94a094.bingsearchlib.com
fqdn,54f1f64c.probe001.log4j.leakix.net
fqdn,550f7e1deaed.bingsearchlib.com
fqdn,55c73f1c7587.bingsearchlib.com
fqdn,567d24d1ac33.bingsearchlib.com
fqdn,56d402f8.probe001.log4j.leakix.net
fqdn,56f85f126bde.bingsearchlib.com
fqdn,5799e6d71743.bingsearchlib.com
fqdn,57de040ef070.bingsearchlib.com
fqdn,5842cd21.probe001.log4j.leakix.net
fqdn,58b5cbbf8766.bingsearchlib.com
fqdn,58d9c729c8f8.bingsearchlib.com
fqdn,59875dbf88cb.bingsearchlib.com
fqdn,5a2b71f87340.bingsearchlib.com
fqdn,5a5091fe2ddf.bingsearchlib.com
fqdn,5a8acd64bd7b.bingsearchlib.com
fqdn,5aca068f8837.bingsearchlib.com
fqdn,5b34dfe20522.bingsearchlib.com
fqdn,5b36e3e5d52c.bingsearchlib.com
fqdn,5c8b1ac7e720.bingsearchlib.com
fqdn,5d5ab3833759.bingsearchlib.com
fqdn,5dc0a7c0c28f.bingsearchlib.com
fqdn,5e77b87827b3.bingsearchlib.com
fqdn,5e7baaf46dc0.bingsearchlib.com
fqdn,5ea60116d80e.bingsearchlib.com
fqdn,5edab55c1054.bingsearchlib.com
fqdn,5f396380.probe001.log4j.leakix.net
fqdn,5fa620cc5e56.bingsearchlib.com
fqdn,60292d90d1b2.bingsearchlib.com
fqdn,6035a310c241.bingsearchlib.com
fqdn,608ac2d94757.bingsearchlib.com
fqdn,60ec26e4b948.bingsearchlib.com
fqdn,612877d3a59b.bingsearchlib.com
fqdn,61289367b2a1.bingsearchlib.com
fqdn,6143bdb7e926.bingsearchlib.com
fqdn,6158f89dd8de.bingsearchlib.com
fqdn,61af907c9c16.bingsearchlib.com
fqdn,61f3457f.probe001.log4j.leakix.net
fqdn,62343f40.probe001.log4j.leakix.net
fqdn,6247f54cc093.bingsearchlib.com
fqdn,626b5d44765f.bingsearchlib.com
fqdn,63.231.117.2.ro2omc.dnslog.cn
fqdn,63.231.117.47.5f3gyn.dnslog.cn
fqdn,633b4627b3d0.bingsearchlib.com
fqdn,63a4925ae323.bingsearchlib.com
fqdn,63e16b3f6f15.bingsearchlib.com
fqdn,64018b38d1bd.bingsearchlib.com
fqdn,640ce558d2f7.bingsearchlib.com
fqdn,646feaf14808.bingsearchlib.com
fqdn,647c6fdbe0ce.bingsearchlib.com
fqdn,649cc4144d86.bingsearchlib.com
fqdn,64a0e6a432fb.bingsearchlib.com
fqdn,64fbee7e40f0.bingsearchlib.com
fqdn,65.151.128.111.9gpf69.dnslog.cn
fqdn,650806a900e4.bingsearchlib.com
fqdn,652b376d5234.bingsearchlib.com
fqdn,6622a5adc159.bingsearchlib.com
fqdn,6773d21e7f76.bingsearchlib.com
fqdn,67f36c9935fa.bingsearchlib.com
fqdn,688f1d892ac3.bingsearchlib.com
fqdn,69.rjunm4.dnslog.cn
fqdn,690f3230afae.bingsearchlib.com
fqdn,691c3f1c.probe001.log4j.leakix.net
fqdn,6939.ccg42f.dnslog.cn
fqdn,6c73ac5805a6.bingsearchlib.com
fqdn,6c8d7dd40593.bingsearchlib.com
fqdn,6cb8a5e9af80.bingsearchlib.com
fqdn,6cdf4803.probe001.log4j.leakix.net
fqdn,6de5edddb4c2.bingsearchlib.com
fqdn,6e5b1dd3f566.bingsearchlib.com
fqdn,6f22b0f41706.bingsearchlib.com
fqdn,6f6aed93cd2f.bingsearchlib.com
fqdn,6fdf46ec3488.bingsearchlib.com
fqdn,7.21fqfx.dnslog.cn
fqdn,70.rjunm4.dnslog.cn
fqdn,708d779bcf77.bingsearchlib.com
fqdn,70aa6f2a62f7.bingsearchlib.com
fqdn,70c335a0d813.bingsearchlib.com
fqdn,71.rjunm4.dnslog.cn
fqdn,7132.ccg42f.dnslog.cn
fqdn,713cf0ac1632.bingsearchlib.com
fqdn,71b4d4928c65.bingsearchlib.com
fqdn,71ssmbjqg7ezpoqt8okre7gzu.canarytokens.com
fqdn,72.rjunm4.dnslog.cn
fqdn,72dcfc1dddc0.bingsearchlib.com
fqdn,73.rjunm4.dnslog.cn
fqdn,7312f601ecba.bingsearchlib.com
fqdn,7366dd97.probe001.log4j.leakix.net
fqdn,736ee1e7b59c.bingsearchlib.com
fqdn,73849ef688ba.bingsearchlib.com
fqdn,73aa4d043a06.bingsearchlib.com
fqdn,74.rjunm4.dnslog.cn
fqdn,749e532b8f77.bingsearchlib.com
fqdn,74ab269aefd0.bingsearchlib.com
fqdn,75.rjunm4.dnslog.cn
fqdn,753741cf5e16.bingsearchlib.com
fqdn,753802a2fd2a.bingsearchlib.com
fqdn,756c9905a560.bingsearchlib.com
fqdn,75e94c926b75.bingsearchlib.com
fqdn,7648be5f96b7.bingsearchlib.com
fqdn,765da23c8c3e.bingsearchlib.com
fqdn,76d4d5c312ce.bingsearchlib.com
fqdn,772c06b5ef9c.bingsearchlib.com
fqdn,7741.ccg42f.dnslog.cn
fqdn,785780daf45b.bingsearchlib.com
fqdn,785eb896dd6b.bingsearchlib.com
fqdn,78b8b59c.probe001.log4j.leakix.net
fqdn,78f079ee26bc.bingsearchlib.com
fqdn,7971f7b4eb13.bingsearchlib.com
fqdn,79d3c6a58488.bingsearchlib.com
fqdn,79f971315e86.bingsearchlib.com
fqdn,7ae364cd167c.bingsearchlib.com
fqdn,7afe7e681d5e.bingsearchlib.com
fqdn,7b28da85d1fc.bingsearchlib.com
fqdn,7bb715d20c2e.bingsearchlib.com
fqdn,7c1488d8d063.bingsearchlib.com
fqdn,7c35180b275f.bingsearchlib.com
fqdn,7c3bdfa7e63d.bingsearchlib.com
fqdn,7c5bc4d457d1.bingsearchlib.com
fqdn,7cc8976f0f63.bingsearchlib.com
fqdn,7ce81d8d105c.bingsearchlib.com
fqdn,7d8f7f6b4d13.bingsearchlib.com
fqdn,7d90568d1cd1.bingsearchlib.com
fqdn,7ddeb490146f.bingsearchlib.com
fqdn,7e8e4bc5.probe001.log4j.leakix.net
fqdn,7e9eb2615c8e.bingsearchlib.com
fqdn,7faf976567f5.bingsearchlib.com
fqdn,8.21fqfx.dnslog.cn
fqdn,8078d8030779.bingsearchlib.com
fqdn,8080d826c0b5.bingsearchlib.com
fqdn,80b53c62a6f4.bingsearchlib.com
fqdn,813264da9150.bingsearchlib.com
fqdn,813ac90966bc.bingsearchlib.com
fqdn,814cbd9db83a.bingsearchlib.com
fqdn,818231ed351f.bingsearchlib.com
fqdn,81aea5e2.probe001.log4j.leakix.net
fqdn,81f3c543.probe001.log4j.leakix.net
fqdn,81f487a10cb5.bingsearchlib.com
fqdn,824e2d2c2e86.bingsearchlib.com
fqdn,8280bbd9fc75.bingsearchlib.com
fqdn,8282e3b45423.bingsearchlib.com
fqdn,82a18741e589.bingsearchlib.com
fqdn,82afeb3d0b11.bingsearchlib.com
fqdn,82ajo1.dnslog.cn
fqdn,831f70006f81.bingsearchlib.com
fqdn,842c8a9493e8.bingsearchlib.com
fqdn,845fa0ec.probe001.log4j.leakix.net
fqdn,849a606b15ce.bingsearchlib.com
fqdn,84af80632822.bingsearchlib.com
fqdn,852a92bab238.bingsearchlib.com
fqdn,852fc4e007a5.bingsearchlib.com
fqdn,85d98f279708.bingsearchlib.com
fqdn,8637e64b7fda.bingsearchlib.com
fqdn,8659.ccg42f.dnslog.cn
fqdn,865e410a2ff4.bingsearchlib.com
fqdn,8674fcff449f.bingsearchlib.com
fqdn,86dbc792b7d4.bingsearchlib.com
fqdn,86dd04a76591.bingsearchlib.com
fqdn,876c3c85c4f2.bingsearchlib.com
fqdn,88875217d50a.bingsearchlib.com
fqdn,88c40a34cf52.bingsearchlib.com
fqdn,89108dc06d90.bingsearchlib.com
fqdn,89598b9a.probe001.log4j.leakix.net
fqdn,89f502dbc7e4.bingsearchlib.com
fqdn,8a672c92.probe001.log4j.leakix.net
fqdn,8a796f7b4e31.bingsearchlib.com
fqdn,8aa9ecc4.probe001.log4j.leakix.net
fqdn,8b51f03a2236.bingsearchlib.com
fqdn,8b5e31cb04bf.bingsearchlib.com
fqdn,8bf085ae1724.bingsearchlib.com
fqdn,8c738a19abc9.bingsearchlib.com
fqdn,8c92e83cd554.bingsearchlib.com
fqdn,8caa3e3ea145.bingsearchlib.com
fqdn,8cc8e9021b91.bingsearchlib.com
fqdn,8d01ae8527fe.bingsearchlib.com
fqdn,8dbe05af2628.bingsearchlib.com
fqdn,8e1dab694af9.bingsearchlib.com
fqdn,8e37da3fcdba.bingsearchlib.com
fqdn,8ea121865922.bingsearchlib.com
fqdn,8fa951c85ea3.bingsearchlib.com
fqdn,8ff4814c2663.bingsearchlib.com
fqdn,9.21fqfx.dnslog.cn
fqdn,90-102-24-211.scanworld.net
fqdn,9040b8e6bea8.bingsearchlib.com
fqdn,90a6fd44cd31.bingsearchlib.com
fqdn,90f0268c6d14.bingsearchlib.com
fqdn,910eef74df8d.bingsearchlib.com
fqdn,91124b924166.bingsearchlib.com
fqdn,916fce25-fae1-4261-9afc-ac0e2681eed4.dns.log4shell.tools
fqdn,9183.ccg42f.dnslog.cn
fqdn,918d9838c5ca.bingsearchlib.com
fqdn,91c5e4e1df27.bingsearchlib.com
fqdn,91e9e655197f.bingsearchlib.com
fqdn,91fd9fef8958.bingsearchlib.com
fqdn,9204dad80d70.bingsearchlib.com
fqdn,923bc36ca25a.bingsearchlib.com
fqdn,92d27039ede4.bingsearchlib.com
fqdn,92ea661f16f1.bingsearchlib.com
fqdn,92ecd843db39.bingsearchlib.com
fqdn,93492d02dea7.bingsearchlib.com
fqdn,93a667c2ebdb.bingsearchlib.com
fqdn,944a579d076d.bingsearchlib.com
fqdn,94a60ba6.probe001.log4j.leakix.net
fqdn,94b53a59053e.bingsearchlib.com
fqdn,94bb3af838fe.bingsearchlib.com
fqdn,953c9128d9db.bingsearchlib.com
fqdn,9557bfb90ac9.bingsearchlib.com
fqdn,96ed3f29b314.bingsearchlib.com
fqdn,97b23f4fdbbe.bingsearchlib.com
fqdn,98.21fqfx.dnslog.cn
fqdn,981f71a4f379.bingsearchlib.com
fqdn,9861999f449d.bingsearchlib.com
fqdn,988ec3323ba3.bingsearchlib.com
fqdn,99.21fqfx.dnslog.cn
fqdn,99f13e6c9bb8.bingsearchlib.com
fqdn,9a9140eedd32.bingsearchlib.com
fqdn,9acbd5edcd5d.bingsearchlib.com
fqdn,9b028f49472a.bingsearchlib.com
fqdn,9b8c025d4781.bingsearchlib.com
fqdn,9bb982fc98e1.bingsearchlib.com
fqdn,9bd311ec63e8.bingsearchlib.com
fqdn,9be2dfe6.probe001.log4j.leakix.net
fqdn,9bedefa6.probe001.log4j.leakix.net
fqdn,9bf318db60de.bingsearchlib.com
fqdn,9ca55bea831f.bingsearchlib.com
fqdn,9cb05af297a8.bingsearchlib.com
fqdn,9cb6e389bc8c.bingsearchlib.com
fqdn,9d05cb25d106.bingsearchlib.com
fqdn,9ee7c9fe.dns.1433.eu.org
fqdn,9fd5a935e06a.bingsearchlib.com
fqdn,a0294c819682.bingsearchlib.com
fqdn,a087aca06e38.bingsearchlib.com
fqdn,a0e2d4daf724.bingsearchlib.com
fqdn,a24e817c.probe001.log4j.leakix.net
fqdn,a2e9fb2e3c4c.bingsearchlib.com
fqdn,a33f41daca17.bingsearchlib.com
fqdn,a3563790b265.bingsearchlib.com
fqdn,a372a16e46fb.bingsearchlib.com
fqdn,a4079b92cf3d.bingsearchlib.com
fqdn,a40d65b21b7f.bingsearchlib.com
fqdn,a42ae47f133b.bingsearchlib.com
fqdn,a4fe382ce6c0.bingsearchlib.com
fqdn,a58bc1fc518a.bingsearchlib.com
fqdn,a60bb4d20c87.bingsearchlib.com
fqdn,a615cbc5751b.bingsearchlib.com
fqdn,a6787b91ea1d.bingsearchlib.com
fqdn,a6ce76c92e75.bingsearchlib.com
fqdn,a74d01648bea.bingsearchlib.com
fqdn,a790ae788e85.bingsearchlib.com
fqdn,a7aa8415ab06.bingsearchlib.com
fqdn,a7afcbe99288.bingsearchlib.com
fqdn,a7da02d6ee87.bingsearchlib.com
fqdn,a8fvkc.dnslog.cn
fqdn,a92c9ae8.probe001.log4j.leakix.net
fqdn,a94d5e4b2e81.bingsearchlib.com
fqdn,a959fb023358.bingsearchlib.com
fqdn,a991dc848d76.bingsearchlib.com
fqdn,aa6ac7a969a6.bingsearchlib.com
fqdn,aa71578ac9d9.bingsearchlib.com
fqdn,aa93bc03591f.bingsearchlib.com
fqdn,aa9a6b64c58a.bingsearchlib.com
fqdn,ab3419ba1f45.bingsearchlib.com
fqdn,ab6deb93.probe001.log4j.leakix.net
fqdn,aba268c66dd3.bingsearchlib.com
fqdn,abee06540bfe.bingsearchlib.com
fqdn,abrahackbugs.xyz
fqdn,ac397956.probe001.log4j.leakix.net
fqdn,ac47c63d0c2c.bingsearchlib.com
fqdn,ac8e3c1c398d.bingsearchlib.com
fqdn,actkc.tk
fqdn,ad578d23bdad.bingsearchlib.com
fqdn,adac95b08630.bingsearchlib.com
fqdn,adff2c73.probe001.log4j.leakix.net
fqdn,agent.apacheorg.top
fqdn,agent.apacheorg.xyz
fqdn,awsdns-2.org
fqdn,b095b212c8be.bingsearchlib.com
fqdn,b0f54bc8915e.bingsearchlib.com
fqdn,b109fb0c0221.bingsearchlib.com
fqdn,b17e2c7e5615.bingsearchlib.com
fqdn,b1b0ca712547.bingsearchlib.com
fqdn,b3377d23.probe001.log4j.leakix.net
fqdn,b35c5c4ae2f8.bingsearchlib.com
fqdn,b439b2d4f669.bingsearchlib.com
fqdn,b445454d1b03.bingsearchlib.com
fqdn,b474ca3de9b9.bingsearchlib.com
fqdn,b4c8daa63330.bingsearchlib.com
fqdn,b6415f73214e.bingsearchlib.com
fqdn,b6693b4d379f.bingsearchlib.com
fqdn,b6b34cfd1b59.bingsearchlib.com
fqdn,b74dd0e311be.bingsearchlib.com
fqdn,b74f1719.probe001.log4j.leakix.net
fqdn,b7c33d74c2f2.bingsearchlib.com
fqdn,b7ff69c2e4a3.bingsearchlib.com
fqdn,b80ce7e4d6cb.bingsearchlib.com
fqdn,b91ae2bcd6b0.bingsearchlib.com
fqdn,b952205e8281.bingsearchlib.com
fqdn,ba632748f7e2.bingsearchlib.com
fqdn,badacc6a9ea6.bingsearchlib.com
fqdn,baf9ff187410.bingsearchlib.com
fqdn,bb2f9635.probe001.log4j.leakix.net
fqdn,bb6f692aae16.bingsearchlib.com
fqdn,bbbd86e55b18.bingsearchlib.com
fqdn,bbca193b9665.bingsearchlib.com
fqdn,bc3b328b071a.bingsearchlib.com
fqdn,bc45400240ee.bingsearchlib.com
fqdn,bc4fc2011730.bingsearchlib.com
fqdn,bc73ab56138e.bingsearchlib.com
fqdn,bd417b6b753c.bingsearchlib.com
fqdn,bdafa222d03e.bingsearchlib.com
fqdn,bea48214e715.bingsearchlib.com
fqdn,beb027d50fec.bingsearchlib.com
fqdn,bf794a077196.bingsearchlib.com
fqdn,bingsearchlib.com
fqdn,bot.medusabotnet.com
fqdn,bvprzqhoz7j2ltin.onion.ly
fqdn,bvprzqhoz7j2ltin.onion.ws
fqdn,bvprzqhoz7j2ltin.tor2web.su
fqdn,bxss.me
fqdn,c0d5679b49ba.bingsearchlib.com
fqdn,c1661513c406.bingsearchlib.com
fqdn,c17dff990109.bingsearchlib.com
fqdn,c17f75217c47.bingsearchlib.com
fqdn,c19s.net
fqdn,c1b6b43f.probe001.log4j.leakix.net
fqdn,c1c7715fd6c6.bingsearchlib.com
fqdn,c1d72cecaa3d.bingsearchlib.com
fqdn,c1e7bb4db028.bingsearchlib.com
fqdn,c2b5c149509a.bingsearchlib.com
fqdn,c34a8ab39d0e.bingsearchlib.com
fqdn,c3fdb598.probe001.log4j.leakix.net
fqdn,c4620ef01482.bingsearchlib.com
fqdn,c4910c24eedb.bingsearchlib.com
fqdn,c4c3b070ea37.bingsearchlib.com
fqdn,c4c5a34bab9d.bingsearchlib.com
fqdn,c56d4b328f98.bingsearchlib.com
fqdn,c5921cee5a6b.bingsearchlib.com
fqdn,c5eb13fe41b6.bingsearchlib.com
fqdn,c5eca394e493.bingsearchlib.com
fqdn,c6pnncggjk7jk873c9e0cg3zzcoyyyyyn.interactsh.com
fqdn,c6ps4ipurnhssm2608l0cg37chyyykyhk.interact.sh
fqdn,c6ps4ipurnhssm2608l0cg37pdyyykbug.interact.sh
fqdn,c6ps4rekeidcvgqlsmsgcg37qdoyyknz4.interact.sh
fqdn,c6ps4rekeidcvgqlsmsgcg37x9ayymcak.interact.sh
fqdn,c6qn3jqpt9ubq26idkcgcg4z8heyyyq1h.interact.sh
fqdn,c6rhvpkdultidmu16ps0cg51yrayyyb9c.interactsh.com
fqdn,c6rhvpkdultidmu16ps0cg51yrayyyb9g.interactsh.com
fqdn,c6rji9av1urplt5ni700cg5uuceyybfu1.ab-ui.com
fqdn,c6rji9av1urplt5ni700cg5uuceyybfuc.ab-ui.com
fqdn,c6sh3pkbcv48942d4et0cghtd3ayyyyyn.creepybadger.com
fqdn,c70aa274ff77.bingsearchlib.com
fqdn,c79f0d1aa0ab.bingsearchlib.com
fqdn,c84d90bce5b0.bingsearchlib.com
fqdn,c87486ee5ca5.bingsearchlib.com
fqdn,c87678766adb.bingsearchlib.com
fqdn,c893f258.probe001.log4j.leakix.net
fqdn,c9203f04fd17.bingsearchlib.com
fqdn,c961c04db902.bingsearchlib.com
fqdn,cac58d0dec7f.bingsearchlib.com
fqdn,cae2a7d6dd75.bingsearchlib.com
fqdn,cae8316bd429.bingsearchlib.com
fqdn,canarytokens.com
fqdn,cao.300gsyn.it
fqdn,cb-srv.com
fqdn,cb322b88c2ea.bingsearchlib.com
fqdn,cb734220a05d.bingsearchlib.com
fqdn,cbac4cbd9ab7.bingsearchlib.com
fqdn,cbaf125bfe27.bingsearchlib.com
fqdn,cc5771ce6578.bingsearchlib.com
fqdn,cc6aed8dbb2d.bingsearchlib.com
fqdn,cd95ae17deba.bingsearchlib.com
fqdn,cda0224b.probe001.log4j.leakix.net
fqdn,cdcb81168792.bingsearchlib.com
fqdn,cf33bef6c22a.bingsearchlib.com
fqdn,cfd644602c8c.bingsearchlib.com
fqdn,cfda08bc9cf9.bingsearchlib.com
fqdn,cff1fbafb9a9.bingsearchlib.com
fqdn,creepybadger.com
fqdn,cuminside.club
fqdn,cyber-risk.upguard.com
fqdn,cyobs-com-log4jscan.com
fqdn,d.a1x.live
fqdn,d01e6ec48be7.bingsearchlib.com
fqdn,d03e2367.probe001.log4j.leakix.net
fqdn,d12436900580.bingsearchlib.com
fqdn,d15d803489af.bingsearchlib.com
fqdn,d1a520c1f2bb.bingsearchlib.com
fqdn,d21ad2c0.probe001.log4j.leakix.net
fqdn,d22485f86152.bingsearchlib.com
fqdn,d2670da6a5c1.bingsearchlib.com
fqdn,d2916aba9dbc.bingsearchlib.com
fqdn,d331a3b8142b.bingsearchlib.com
fqdn,d3d7235315b1.bingsearchlib.com
fqdn,d43dacc11c26.bingsearchlib.com
fqdn,d45df72dd345.bingsearchlib.com
fqdn,d489b4ab35e4.bingsearchlib.com
fqdn,d4f22825f860.bingsearchlib.com
fqdn,d549b5ea402a.bingsearchlib.com
fqdn,d5c3417d328d.bingsearchlib.com
fqdn,d5e1b4f370cd.bingsearchlib.com
fqdn,d603a049a258.bingsearchlib.com
fqdn,d62267ee8842.bingsearchlib.com
fqdn,d65075490d2e.bingsearchlib.com
fqdn,d72fe3e1e907.bingsearchlib.com
fqdn,d80db2c7a5e8.bingsearchlib.com
fqdn,d820c35bb084.bingsearchlib.com
fqdn,d85c2be6bfca.bingsearchlib.com
fqdn,d8e9f17cf7bc.bingsearchlib.com
fqdn,d988d853.probe001.log4j.leakix.net
fqdn,d9deb806b682.bingsearchlib.com
fqdn,d9e62191c871.bingsearchlib.com
fqdn,d9zb0pibsix4uujx8gw5hy5zg.canarytokens.com
fqdn,da28f3f294f3.bingsearchlib.com
fqdn,da49b3c34612.bingsearchlib.com
fqdn,da6d408517b9.bingsearchlib.com
fqdn,da84236b9b85.bingsearchlib.com
fqdn,daaa3bc9c998.bingsearchlib.com
fqdn,dacf636c2540.bingsearchlib.com
fqdn,dataastatistics.com
fqdn,dbe67217b89f.bingsearchlib.com
fqdn,dc05762b0bc2.bingsearchlib.com
fqdn,dcff09bd4870.bingsearchlib.com
fqdn,dd68ca4c.probe001.log4j.leakix.net
fqdn,dde02543.probe001.log4j.leakix.net
fqdn,dedb05132e0d.bingsearchlib.com
fqdn,df0cfd6d42bb.bingsearchlib.com
fqdn,df13796cad52.bingsearchlib.com
fqdn,df40a853a732.bingsearchlib.com
fqdn,dfc35a10d2b6.bingsearchlib.com
fqdn,dff5d0b8.probe001.log4j.leakix.net
fqdn,dns.digitale-gesellschaft.ch
fqdn,dns.dns-over-https.com
fqdn,dns.flatuslifir.is
fqdn,dns.hostux.net
fqdn,dns.rubyfish.cn
fqdn,dns.twnic.tw
fqdn,dns.wapiti3.ovh
fqdn,dnsprobe.redteam.tf
fqdn,dnspwn.w0.cx
fqdn,doh-fi.blahdns.com
fqdn,doh.centraleu.pi-dns.com
fqdn,doh.defaultroutes.de
fqdn,doh.dns.sb
fqdn,doh.li
fqdn,ds.Rce.ee
fqdn,e029c77bacaa.bingsearchlib.com
fqdn,e04a6843.probe001.log4j.leakix.net
fqdn,e08499cffcd8.bingsearchlib.com
fqdn,e0913172e948.bingsearchlib.com
fqdn,e1c6194c0760.bingsearchlib.com
fqdn,e2216d7a9a31.bingsearchlib.com
fqdn,e24fb529157b.bingsearchlib.com
fqdn,e2a70b2215fb.bingsearchlib.com
fqdn,e2bcafb6432f.bingsearchlib.com
fqdn,e2d8b3228caa.bingsearchlib.com
fqdn,e46abe55.probe001.log4j.leakix.net
fqdn,e48e744f3efb.bingsearchlib.com
fqdn,e4f4e08da112.bingsearchlib.com
fqdn,e50073c99a13.bingsearchlib.com
fqdn,e51f2de2cd97.bingsearchlib.com
fqdn,e533b9b7724f.bingsearchlib.com
fqdn,e57e49354da1.bingsearchlib.com
fqdn,e596450a47c3.bingsearchlib.com
fqdn,e61dc3582572.bingsearchlib.com
fqdn,e62bd60a.probe001.log4j.leakix.net
fqdn,e6d22cf0fc95.bingsearchlib.com
fqdn,e6e7c03c998d.bingsearchlib.com
fqdn,e712032fdde0.bingsearchlib.com
fqdn,e737b62d.probe001.log4j.leakix.net
fqdn,e7929a62326d.bingsearchlib.com
fqdn,e792baef53c1.bingsearchlib.com
fqdn,e7c98360374e.bingsearchlib.com
fqdn,e834bd054f84.bingsearchlib.com
fqdn,e86eafcf9294.bingsearchlib.com
fqdn,e892954b55d5.bingsearchlib.com
fqdn,e8dbd06447c4.bingsearchlib.com
fqdn,e9162d6e.probe001.log4j.leakix.net
fqdn,e96c2031474b.bingsearchlib.com
fqdn,e9b0342d054b.bingsearchlib.com
fqdn,e9d56ea4f086.bingsearchlib.com
fqdn,ea1c4f94.probe001.log4j.leakix.net
fqdn,ea3126d1be64.bingsearchlib.com
fqdn,ea62856c5fc3.bingsearchlib.com
fqdn,ea89fd7b0fe8.bingsearchlib.com
fqdn,eb1b0fc46d80.bingsearchlib.com
fqdn,eb90e696775b.bingsearchlib.com
fqdn,ec725b34.dns.1433.eu.org
fqdn,eca6e1900645.bingsearchlib.com
fqdn,ed1d4dfc.probe001.log4j.leakix.net
fqdn,eda7c886f204.bingsearchlib.com
fqdn,ee336ffd7dc9.bingsearchlib.com
fqdn,ee79e5151db6.bingsearchlib.com
fqdn,eef062010f17.bingsearchlib.com
fqdn,eefd52543f2b.bingsearchlib.com
fqdn,ef00e4a.probe001.log4j.leakix.net
fqdn,ef144e2d943b.bingsearchlib.com
fqdn,ef8908f80ff4.bingsearchlib.com
fqdn,efd672a31f1d.bingsearchlib.com
fqdn,efec676fa96c.bingsearchlib.com
fqdn,eg0.ru
fqdn,f02536645a47.bingsearchlib.com
fqdn,f059b8f500b8.bingsearchlib.com
fqdn,f09fc1554c75.bingsearchlib.com
fqdn,f11b4f9fe04a.bingsearchlib.com
fqdn,f19d3d3b600a.bingsearchlib.com
fqdn,f1a7f7f25a5c.bingsearchlib.com
fqdn,f1d26c045e5d.bingsearchlib.com
fqdn,f1fab64ed271.bingsearchlib.com
fqdn,f204218fc1d8.bingsearchlib.com
fqdn,f288dba3b7a9.bingsearchlib.com
fqdn,f2a8abaf2ddb.bingsearchlib.com
fqdn,f346e3e0baec.bingsearchlib.com
fqdn,f4cf2a9b7dba.bingsearchlib.com
fqdn,f4d5efdda59f.bingsearchlib.com
fqdn,f53d3241.probe001.log4j.leakix.net
fqdn,f60aa649.probe001.log4j.leakix.net
fqdn,f6634b129f94.bingsearchlib.com
fqdn,f684b7afd994.bingsearchlib.com
fqdn,f6899d95.probe001.log4j.leakix.net
fqdn,f6a237f9f9c0.bingsearchlib.com
fqdn,f73fb894272e.bingsearchlib.com
fqdn,f7596746de16.bingsearchlib.com
fqdn,f798f74fd21a.bingsearchlib.com
fqdn,f7d2c7f26217.bingsearchlib.com
fqdn,f7e725286953.bingsearchlib.com
fqdn,f878570be49d.bingsearchlib.com
fqdn,f89cbcc37a7f.bingsearchlib.com
fqdn,f8faaaab.probe001.log4j.leakix.net
fqdn,f986210d157a.bingsearchlib.com
fqdn,f9b543851f1b.bingsearchlib.com
fqdn,f9bb4b008bf6.bingsearchlib.com
fqdn,f9c61db13513.bingsearchlib.com
fqdn,fa1dd1a841bf.bingsearchlib.com
fqdn,fa251498.probe001.log4j.leakix.net
fqdn,faea7437a673.bingsearchlib.com
fqdn,fb49bb32caca.bingsearchlib.com
fqdn,fb759c07.probe001.log4j.leakix.net
fqdn,fb8e0ff6704c.bingsearchlib.com
fqdn,fbc8a1502970.bingsearchlib.com
fqdn,fbcec65f688f.bingsearchlib.com
fqdn,fbeed47e4434.bingsearchlib.com
fqdn,fc143e8b8721.bingsearchlib.com
fqdn,fc7d972ac028.bingsearchlib.com
fqdn,fc9a1761f644.bingsearchlib.com
fqdn,fe8146cdcf9d.bingsearchlib.com
fqdn,fe90ce6844a7.bingsearchlib.com
fqdn,fee3c5eb7fab.bingsearchlib.com
fqdn,ff200990c7ee.bingsearchlib.com
fqdn,ff3de8f7cd0d.bingsearchlib.com
fqdn,ff581b12b197.bingsearchlib.com
fqdn,ff70b4af.probe001.log4j.leakix.net
fqdn,ff922cf113dd.bingsearchlib.com
fqdn,fi.doh.dns.snopyta.org
fqdn,flofire.de
fqdn,friendly-test.cf0bc11b0af516d14673b91478300c4c9e01a08b.dns.cyberwar.nl
fqdn,g3lcfo.dnslog.cn
fqdn,homecare888.com
fqdn,http443path.kryptoslogic-cve-2021-44228.com
fqdn,http443useragent.kryptoslogic-cve-2021-44228.com
fqdn,http80path.kryptoslogic-cve-2021-44228.com
fqdn,http80useragent.kryptoslogic-cve-2021-44228.com
fqdn,i.l33t-ppl.info
fqdn,i.shadow-mods.net
fqdn,jjug8i.xaliyun.com
fqdn,kryptoslogic-cve-2021-44228.com
fqdn,l4j.dnspwn.w0.cx
fqdn,li466-34.members.linode.com
fqdn,li826-29.members.linode.com
fqdn,lnc7vvhztmjdfm221sdp76xnze5atz.burpcollaborator.net
fqdn,log.exposedbotnets.ru
fqdn,log4dns.x00.it
fqdn,log4j-test.xyz
fqdn,log4j.binaryedge.io
fqdn,log4j.kingudo.de
fqdn,log4j.leakix.net
fqdn,log4j2.component.properties
fqdn,log4jdns.x00.it
fqdn,log4shell-iocs.md
fqdn,log4shell.huntress.com
fqdn,logisoft-cy.com
fqdn,lx-ffff1f8567acbb0108a15fb66100000000908abc.probe001.log4j.leakix.net
fqdn,lx-ffff1f8567acbb086723b66100000000c15f36.probe001.log4j.leakix.net
fqdn,lx-ffff1f8567adbb080554b5610000000044e030.probe001.log4j.leakix.net
fqdn,lx-ffff1f8567afbb08ec22b6610000000018ad81.probe001.log4j.leakix.net
fqdn,lx-ffff22532b75bb08de2bb661000000003a3860.probe001.log4j.leakix.net
fqdn,lx-ffff225bc071fb2008326ab661000000004114fa.probe001.log4j.leakix.net
fqdn,lx-ffff2261c19ebb0108726bb6610000000031fd1b.probe001.log4j.leakix.net
fqdn,lx-ffff23c62a0abb0108393ab66100000000db5738.probe001.log4j.leakix.net
fqdn,lx-ffff23cb07c2bb01087b54b66100000000b630e5.probe001.log4j.leakix.net
fqdn,lx-ffff23cb3d39bb01080a61b661000000006bc4e2.probe001.log4j.leakix.net
fqdn,lx-ffff23cb3d39bb01080b61b661000000001206af.probe001.log4j.leakix.net
fqdn,lx-ffff23f64d78bb080d72b5610000000077bad4.probe001.log4j.leakix.net
fqdn,lx-ffff32742121fb2008e775b661000000005bdbb4.probe001.log4j.leakix.net
fqdn,lx-ffff3fe77537bb08a534b66100000000799ae5.probe001.log4j.leakix.net
fqdn,lx-ffff3fe77544bb0108f763b66100000000034360.probe001.log4j.leakix.net
fqdn,lx-ffff3fe7754bbb08e834b661000000004935cf.probe001.log4j.leakix.net
fqdn,lx-ffff3fe7755ebb0108543db6610000000039331b.probe001.log4j.leakix.net
fqdn,lx-ffff3fe7755ebb0108573db66100000000c4faed.probe001.log4j.leakix.net
fqdn,lx-ffff3fe77575bb08d133b6610000000038a7c7.probe001.log4j.leakix.net
fqdn,lx-ffff3fe7757dbb08febab56100000000d1ea53.probe001.log4j.leakix.net
fqdn,lx-ffff3fe7758ebb081534b66100000000cf077a.probe001.log4j.leakix.net
fqdn,lx-ffff3fe775acbb01087941b661000000000f65aa.probe001.log4j.leakix.net
fqdn,lx-ffff3fe775afbb01086c66b66100000000de5fa7.probe001.log4j.leakix.net
fqdn,lx-ffff3fe775b7bb01082b79b66100000000b9325a.probe001.log4j.leakix.net
fqdn,lx-ffff3fe775e4bb0108a93db66100000000c6748d.probe001.log4j.leakix.net
fqdn,lx-ffff3fe775e4bb0108ab3db6610000000091eaae.probe001.log4j.leakix.net
fqdn,lx-ffff3fe775ebbb0108013cb661000000000fed69.probe001.log4j.leakix.net
fqdn,lx-ffff3fe775f6911f084979b66100000000f1cbf1.probe001.log4j.leakix.net
fqdn,lx-ffff3fe775f6911f084c79b66100000000fc224c.probe001.log4j.leakix.net
fqdn,lx-ffff3ffa3db9bb088972b5610000000019bf3d.probe001.log4j.leakix.net
fqdn,lx-ffff41979081bb01089544b66100000000c3a5dc.probe001.log4j.leakix.net
fqdn,lx-ffff50555492bb086f41b561000000005300b2.probe001.log4j.leakix.net
fqdn,lx-ffff68d2d2cc5008ed3ab56100000000a868fc.probe001.log4j.leakix.net
fqdn,lx-ffff68d2d2ccfb2008d067b66100000000b75c22.probe001.log4j.leakix.net
fqdn,lx-ffff68d38b89bb01080c3bb66100000000480125.probe001.log4j.leakix.net
fqdn,lx-ffff6dcf4c39bb08c365b56100000000b58824.probe001.log4j.leakix.net
fqdn,lx-ffff8ba2ce73bb0108313eb66100000000839e76.probe001.log4j.leakix.net
fqdn,lx-ffff8ba2ce73bb08e154b56100000000da1cd1.probe001.log4j.leakix.net
fqdn,lx-ffffa9325833bb084382b561000000005b2d47.probe001.log4j.leakix.net
fqdn,lx-ffffa9388c6abb01080b79b6610000000059cce9.probe001.log4j.leakix.net
fqdn,lx-ffffa9388c6ebb0108393bb66100000000aa1a37.probe001.log4j.leakix.net
fqdn,lx-ffffa9396424bb082e34b66100000000dcade3.probe001.log4j.leakix.net
fqdn,lx-ffffac687c8bfb2008e64fb66100000000b192f1.probe001.log4j.leakix.net
fqdn,lx-ffffac690875bb087a04b661000000005a0a69.probe001.log4j.leakix.net
fqdn,lx-ffffac69b35dbb08ef21b66100000000a661cd.probe001.log4j.leakix.net
fqdn,lx-ffffb03a6743bb087e51b561000000009fced7.probe001.log4j.leakix.net
fqdn,lx-ffffb24f84ecfb2008087fb661000000008d5ca3.probe001.log4j.leakix.net
fqdn,lx-ffffb9b5d372bb089027b66100000000149e7d.probe001.log4j.leakix.net
fqdn,lx-ffffb9e5e29bbb085ec4b561000000006b7a72.probe001.log4j.leakix.net
fqdn,lx-ffffc2ce4d0f5000df3cb5610000000099989e.probe001.log4j.leakix.net
fqdn,lx-ffffc2ce4d0f5001df3cb56100000000990dd6.probe001.log4j.leakix.net
fqdn,m3.wtf
fqdn,nazi.uy
fqdn,nijat.space
fqdn,oeig3.tk
fqdn,paycashs.com
fqdn,poc.brzozowski.io
fqdn,psc4fuel.com
fqdn,pwn.af
fqdn,rce.ee
fqdn,rr.sabrajndi.site
fqdn,rr.uhf.org.ua
fqdn,s.homecare888.com
fqdn,sabrajndi.site
fqdn,securityscanner.cyber-risk.upguard.com
fqdn,swat.outpost24.com
fqdn,tb8vukwsqgwossmm6zrifxhy4pafy4.burp.regala.im
fqdn,u3l7ck.dnslog.cn
fqdn,vtsbvstaykk2mxxg4tw9b060irohc6.swat.outpost24.com
fqdn,vyvdsvh.x.i.yunzhanghu.co
fqdn,world443.log4j.binaryedge.io
fqdn,world80.log4j.binaryedge.io
fqdn,wpcookie.net
fqdn,www.7cfa.win
fqdn,x2f.me
fqdn,xyzuv12x8szr9ls5um3yx9zxn.canarytokens.com
fqdn,y0ho9z.dnslog.cn
fqdn,yourdns.zone.here
fqdn,z2.zonduusecurity.com
fqdn,zonduusecurity.com
ip,1.232.156.13
ip,100.25.140.165
ip,101.35.128.216
ip,101.42.108.123
ip,101.42.226.13
ip,101.42.237.46
ip,101.43.155.104
ip,101.43.17.148
ip,101.43.170.250
ip,101.43.228.62
ip,103.105.12.48
ip,103.141.246.254
ip,103.152.118.20
ip,103.152.37.54
ip,103.160.63.239
ip,103.19.65.188
ip,103.52.147.126
ip,103.56.113.37
ip,103.90.177.102
ip,103.92.100.13
ip,103.96.41.245
ip,104.129.12.141
ip,104.248.36.230
ip,105.235.120.192
ip,106.52.252.228
ip,106.75.109.253
ip,107.174.170.24
ip,108.250.222.91
ip,110.42.198.77
ip,110.42.226.153
ip,110.42.239.3
ip,111.26.161.204
ip,112.196.31.218
ip,113.116.147.179
ip,113.176.83.159
ip,113.219.238.155
ip,114.132.231.19
ip,115.28.134.231
ip,117.146.172.106
ip,117.16.44.111
ip,117.50.178.9
ip,117.54.14.169
ip,117.80.212.33
ip,118.122.103.138
ip,118.186.70.130
ip,118.218.209.149
ip,118.41.204.72
ip,119.91.63.58
ip,120.201.144.70
ip,120.224.34.31
ip,120.232.251.85
ip,120.31.133.162
ip,121.140.99.236
ip,121.170.193.209
ip,121.36.91.205
ip,121.41.109.54
ip,122.14.209.181
ip,122.14.222.124
ip,123.13.153.28
ip,123.13.155.222
ip,123.13.158.58
ip,123.132.238.210
ip,124.220.10.167
ip,124.221.119.17
ip,124.221.122.219
ip,124.221.149.228
ip,124.221.162.244
ip,124.221.61.226
ip,124.221.73.47
ip,124.221.74.171
ip,124.222.13.124
ip,124.222.173.19
ip,124.222.239.192
ip,124.222.75.231
ip,124.223.63.43
ip,124.79.72.174
ip,125.17.115.94
ip,128.90.61.199
ip,129.152.6.35
ip,13.87.67.199
ip,134.209.163.248
ip,134.209.32.120
ip,135.148.130.60
ip,135.148.132.224
ip,135.148.143.217
ip,136.175.172.100
ip,139.162.20.98
ip,139.209.222.134
ip,139.59.175.247
ip,14.35.205.157
ip,14.6.16.137
ip,141.105.65.94
ip,141.98.10.141
ip,141.98.83.139
ip,142.93.172.227
ip,144.202.34.169
ip,144.22.211.65
ip,149.5.77.11
ip,15.228.9.24
ip,150.107.95.20
ip,150.158.136.116
ip,151.25.85.142
ip,152.136.145.180
ip,152.70.39.142
ip,154.59.121.133
ip,154.59.121.139
ip,154.59.121.147
ip,154.59.121.148
ip,154.59.121.149
ip,154.82.110.5
ip,155.94.154.170
ip,158.69.246.75
ip,159.223.43.161
ip,159.223.5.30
ip,159.65.242.113
ip,159.75.19.149
ip,159.89.182.117
ip,160.153.245.122
ip,162.241.127.99
ip,162.55.90.26
ip,163.172.157.143
ip,163.197.16.108
ip,163.197.22.109
ip,167.172.44.255
ip,167.71.13.196
ip,167.86.70.252
ip,167.99.115.242
ip,167.99.32.139
ip,168.100.8.200
ip,170.178.196.41
ip,170.231.236.110
ip,171.42.31.165
ip,172.105.241.146
ip,172.105.34.103
ip,172.16.10.124
ip,172.16.102.99
ip,173.18.35.41
ip,173.82.30.96
ip,175.123.161.28
ip,175.156.136.31
ip,175.178.179.67
ip,175.178.236.241
ip,178.79.157.186
ip,179.43.142.11
ip,179.43.167.26
ip,179.43.175.101
ip,18.205.150.103
ip,18.228.7.109
ip,181.114.232.78
ip,181.127.186.12
ip,182.112.250.6
ip,182.112.253.162
ip,183.100.28.159
ip,183.213.26.13
ip,183.77.156.89
ip,185.105.108.169
ip,185.154.53.140
ip,185.166.220.94
ip,185.18.52.155
ip,185.203.118.200
ip,185.216.116.173
ip,185.224.139.151
ip,185.244.158.212
ip,185.246.87.50
ip,185.250.148.157
ip,185.254.196.236
ip,185.8.172.132
ip,186.250.45.147
ip,187.144.41.130
ip,188.166.57.35
ip,189.202.188.149
ip,190.138.240.233
ip,190.60.239.44
ip,191.242.182.210
ip,191.242.188.103
ip,192.3.194.202
ip,192.46.216.224
ip,193.3.19.159
ip,194.158.203.14
ip,194.163.133.36
ip,194.219.134.234
ip,194.36.188.187
ip,194.40.243.149
ip,194.40.243.24
ip,195.112.113.205
ip,195.54.160.149
ip,196.221.196.165
ip,198.12.116.254
ip,198.98.53.25
ip,2.194.7.243
ip,2.56.56.116
ip,2.57.121.36
ip,2.58.149.206
ip,20.141.185.205
ip,20.213.160.64
ip,20.226.25.68
ip,202.191.96.155
ip,202.61.203.229
ip,202.90.131.38
ip,205.185.113.59
ip,205.185.115.217
ip,209.126.84.239
ip,209.14.69.77
ip,209.216.177.158
ip,209.216.177.238
ip,210.141.105.67
ip,210.18.138.230
ip,210.99.20.194
ip,211.162.184.120
ip,211.192.49.71
ip,211.75.205.200
ip,212.192.216.46
ip,212.230.172.6
ip,212.69.125.33
ip,213.157.6.50
ip,213.255.16.156
ip,213.33.126.130
ip,213.57.11.16
ip,217.79.189.13
ip,220.179.231.169
ip,220.179.231.236
ip,220.228.152.176
ip,222.100.124.62
ip,222.103.98.58
ip,222.165.136.99
ip,223.171.91.127
ip,223.171.91.147
ip,223.171.91.149
ip,223.171.91.160
ip,223.171.91.191
ip,23.94.251.245
ip,24.32.65.138
ip,24.95.253.39
ip,3.85.59.114
ip,31.131.16.127
ip,31.169.25.190
ip,31.172.71.48
ip,31.185.191.170
ip,31.201.95.9
ip,31.220.58.29
ip,31.6.19.41
ip,36.138.199.214
ip,36.92.125.163
ip,38.102.116.185
ip,40.112.221.159
ip,40.76.172.170
ip,41.207.187.178
ip,41.231.127.5
ip,42.192.147.106
ip,42.231.31.198
ip,42.231.63.4
ip,43.248.116.122
ip,45.12.32.14
ip,45.12.32.61
ip,45.120.216.114
ip,45.129.137.197
ip,45.130.229.168
ip,45.141.157.215
ip,45.146.164.160
ip,45.146.165.168
ip,45.153.240.94
ip,45.155.205.233
ip,45.61.162.173
ip,45.83.193.150
ip,45.83.64.1
ip,45.94.204.76
ip,45.95.55.30
ip,46.13.164.29
ip,46.170.151.34
ip,46.238.66.173
ip,49.234.143.116
ip,49.236.192.106
ip,5.101.118.127
ip,5.255.97.172
ip,5.28.139.161
ip,50.122.86.118
ip,50.40.32.90
ip,50.7.86.202
ip,51.159.19.47
ip,51.222.46.204
ip,51.79.74.227
ip,52.131.32.110
ip,52.236.133.183
ip,52.69.92.126
ip,54.210.230.186
ip,54.86.65.135
ip,58.218.67.35
ip,58.33.13.154
ip,59.3.186.45
ip,60.216.64.190
ip,61.102.42.5
ip,61.2.141.136
ip,62.141.11.68
ip,62.182.158.156
ip,62.182.80.168
ip,62.23.82.156
ip,62.99.138.162
ip,64.201.163.133
ip,64.37.231.132
ip,64.37.231.139
ip,64.37.231.148
ip,64.37.231.153
ip,64.37.231.156
ip,64.37.231.163
ip,64.37.231.169
ip,64.37.231.202
ip,64.37.231.204
ip,64.37.231.206
ip,64.39.106.103
ip,64.39.106.104
ip,64.39.106.109
ip,64.39.106.116
ip,64.39.106.121
ip,64.39.106.35
ip,64.39.106.38
ip,64.39.106.87
ip,64.39.106.92
ip,64.39.106.94
ip,64.39.106.95
ip,64.39.106.99
ip,66.228.28.18
ip,66.23.227.195
ip,66.90.110.58
ip,67.205.191.102
ip,71.198.86.119
ip,73.112.114.48
ip,77.20.128.112
ip,78.31.71.248
ip,79.172.214.11
ip,80.120.130.231
ip,80.150.50.226
ip,80.228.235.2
ip,80.71.158.12
ip,80.71.158.44
ip,81.180.242.174
ip,81.240.29.103
ip,81.30.157.43
ip,81.70.208.164
ip,81.70.246.178
ip,81.70.92.205
ip,81.70.94.80
ip,81.83.31.3
ip,82.117.252.83
ip,82.157.50.152
ip,82.66.5.84
ip,83.114.53.190
ip,83.135.96.156
ip,83.135.97.252
ip,83.143.96.74
ip,83.224.130.191
ip,83.224.138.145
ip,84.204.148.99
ip,84.251.60.116
ip,84.255.35.53
ip,85.198.254.49
ip,85.51.217.156
ip,85.8.108.61
ip,85.8.68.2
ip,86.133.233.66
ip,89.108.119.250
ip,89.163.144.156
ip,90.230.191.6
ip,90.84.178.188
ip,91.200.103.249
ip,91.249.134.148
ip,92.242.40.21
ip,92.246.89.8
ip,92.42.106.84
ip,92.87.22.219
ip,95.182.123.186
ip,95.71.161.234
ip,96.79.124.153
url,http://101.79.1.118/LogBack.exe
url,http://103.104.73.155:8002/acc
url,http://103.104.73.155:8002/index
url,http://103.104.73.155:8080/index
url,http://104.129.12.141/abc
url,http://104.129.12.141:8180/ExecTemplateJDK8.class
url,http://110.42.239.3/2.hta
url,http://110.42.239.3:80
url,http://114.132.231.19/0.hta
url,http://114.132.231.19/2.hta
url,http://114.132.231.19/OK1.hta
url,http://114.132.231.19/hfs.exe
url,http://114.132.231.19:80
url,http://121.140.99.236:1389/Exploit
url,http://121.41.109.54:2204
url,http://129.226.180.53/xmrig_setup/raw/master/setup_c3pool_miner.sh
url,http://129.226.180.53/xmrig_setup/raw/master/xmrig.tar.gz
url,http://134.209.163.248/callback
url,http://134.209.163.248/callback/https-port-443-and-http-callback-scheme
url,http://135.125.217.87/jndi.sh
url,http://135.125.217.87/jndialive.sh
url,http://135.125.217.87/static.c
url,http://135.125.217.87/stlalive.sh
url,http://135.148.130.60/reader
url,http://137.184.174.180:8082/Exploit.class
url,http://138.197.206.223/.x/xmra32
url,http://138.197.206.223/.x/xmra64
url,http://141.98.83.139:18080/nG60k1
url,http://141.98.83.139:18080/nG60k1/RWjxFwxCBE
url,http://141.98.83.139:18080/ng60k1
url,http://141.98.83.139:18080/ng60k1/rwjxfwxcbe
url,http://141.98.83.139:9883/exp.class
url,http://144.202.34.169:8001/Binary.class
url,http://146.112.61.110/exploit.class
url,http://149.56.42.244/hl
url,http://149.56.42.244/ht
url,http://149.56.42.244/initd
url,http://149.56.42.244/sshd
url,http://149.56.42.244/ulimit.sh
url,http://149.56.42.244/x86
url,http://150.60.139.51/wp-content/themes/twentyseventeen/s.cmd
url,http://150.60.139.51:80/wp-content/themes/twentyseventeen/s.cmd
url,http://152.67.63.150/py
url,http://152.67.63.150/run
url,http://154.247.218.44:8000/wsnbb.sh
url,http://154.82.110.5:1234/win.exe
url,http://155.94.154.170/aaa
url,http://155.94.154.170/bbb
url,http://155.94.154.170/log4j
url,http://157.230.189.52/wp-content/themes/twentynineteen/ldm
url,http://158.101.118.236/setup
url,http://158.69.33.162/as546dasd4as5d54a5s4sd/mizakotropista86
url,http://158.69.33.162/as546dasd4as5d54a5s4sd/mizakotropista8k
url,http://158.69.33.162/as546dasd4as5d54a5s4sd/mizakotropistah4
url,http://158.69.33.162/as546dasd4as5d54a5s4sd/mizakotropistam4
url,http://158.69.33.162/as546dasd4as5d54a5s4sd/mizakotropistam5
url,http://158.69.33.162/as546dasd4as5d54a5s4sd/mizakotropistam6
url,http://158.69.33.162/as546dasd4as5d54a5s4sd/mizakotropistam7
url,http://158.69.33.162/as546dasd4as5d54a5s4sd/mizakotropistapc
url,http://158.69.33.162/as546dasd4as5d54a5s4sd/mizakotropistaps
url,http://158.69.33.162/as546dasd4as5d54a5s4sd/mizakotropistasl
url,http://158.69.33.162/as546dasd4as5d54a5s4sd/mizakotropistax64
url,http://158.69.33.162/sshd
url,http://159.223.124.211/8UsA.sh
url,http://159.223.124.211/bins/seversk.arm
url,http://159.223.124.211/bins/seversk.arm5
url,http://159.223.124.211/bins/seversk.arm6
url,http://159.223.124.211/bins/seversk.m68k
url,http://159.223.124.211/bins/seversk.mips
url,http://159.223.124.211/bins/seversk.mpsl
url,http://159.223.124.211/bins/seversk.ppc
url,http://159.223.124.211/bins/seversk.sh4
url,http://159.223.124.211/bins/seversk.spc
url,http://159.223.124.211/bins/seversk.x86
url,http://159.223.5.30/server.py
url,http://159.223.5.30/target/log4shell-1.0-SNAPSHOT.war
url,http://159.223.5.30/target/marshalsec-0.0.3-SNAPSHOT-all.jar
url,http://159.89.182.117/wp-content/themes/twentyseventeen/ldm
url,http://159.89.182.117:80
url,http://164.52.212.196
url,http://164.52.212.196/1.jpg
url,http://164.52.212.196/LogBack.exe
url,http://164.52.212.196/config.jpg
url,http://164.52.212.196/eth.jpg
url,http://164.52.212.196/je
url,http://164.52.212.196/logback.exe
url,http://164.52.212.196/st.sh
url,http://164.52.212.196/st.vbs
url,http://164.52.212.196/sys.ps1
url,http://164.52.212.196:88
url,http://164.52.212.196:88/1.jpg
url,http://164.52.212.196:88/11.bat
url,http://164.52.212.196:88/Jamf
url,http://164.52.212.196:88/Jamf.ps1
url,http://164.52.212.196:88/LogBack.exe
url,http://164.52.212.196:88/config.jpg
url,http://164.52.212.196:88/config.json
url,http://164.52.212.196:88/eth.jpg
url,http://164.52.212.196:88/log
url,http://164.52.212.196:88/logback.exe
url,http://164.52.212.196:88/logc
url,http://164.52.212.196:88/s.ps1
url,http://164.52.212.196:88/st.sh
url,http://164.52.212.196:88/st.vbs
url,http://164.52.212.196:88/sys.ps1
url,http://165.22.2.186/wp-content/themes/twentyseventeen/Exploit.class
url,http://165.227.239.108/stl.sh
url,http://170.178.196.41:1111/pglQLHfm
url,http://170.178.196.41:35244/qIoPIauO
url,http://170.178.196.41:8080/UKTPAnRvns
url,http://172.105.241.146
url,http://172.105.241.146:80
url,http://172.105.241.146:80/wp-content/themes/twentysixteen/s.cmd
url,http://179.43.175.101:8180/ExecTemplateJDK8.class
url,http://18.222.122.221/reader
url,http://18.228.7.109
url,http://18.228.7.109/.log
url,http://18.228.7.109/.log/log
url,http://18.228.7.109/.log/pty1
url,http://18.228.7.109/.log/pty2
url,http://18.228.7.109/.log/pty3
url,http://18.228.7.109/.log/pty4
url,http://18.228.7.109/.log/pty5
url,http://18.228.7.109:80
url,http://185.112.83.116:8080/drv
url,http://185.154.53.140/get
url,http://185.154.53.140/mg
url,http://185.154.53.140/ms
url,http://185.154.53.140/o
url,http://185.154.53.140/s
url,http://185.154.53.140:80
url,http://185.191.32.198/ex.sh
url,http://185.191.32.198/lh.sh
url,http://185.191.32.198/unk.sh
url,http://185.250.148.157:8005/acc
url,http://185.250.148.157:8005/index
url,http://188.166.57.35:8000/Binary.class
url,http://192.210.200.66:1234/.inis
url,http://192.210.200.66:1234/.rsyslogds
url,http://192.210.200.66:1234/xmss
url,http://192.3.1.12/AB4g5/Josho.arm5
url,http://192.3.1.12/AB4g5/Josho.arm6
url,http://192.3.1.12/AB4g5/Josho.arm7
url,http://192.3.1.12/AB4g5/Josho.m68k
url,http://192.3.1.12/AB4g5/Josho.mips
url,http://192.3.1.12/AB4g5/Josho.mpsl
url,http://192.3.1.12/AB4g5/Josho.ppc
url,http://192.3.1.12/AB4g5/Josho.sh4
url,http://193.196.53.232
url,http://193.196.53.232/Jamf
url,http://193.3.19.159/logme.class
url,http://194.40.243.149/kinsing
url,http://194.40.243.149/libsystem.so
url,http://194.40.243.24/kinsing
url,http://194.40.243.24/lh.sh
url,http://195.19.192.28/kinsing
url,http://195.54.160.149:9999/ExploitWeWHgyhfpa.class
url,http://198.98.60.67/bins/arm
url,http://198.98.60.67/bins/x86
url,http://198.98.60.67/lh.sh
url,http://199.229.248.198/sal
url,http://2.56.56.117/8UsA.sh
url,http://2.56.56.117/bins/exlir.arm
url,http://2.56.56.117/bins/exlir.arm5
url,http://2.56.56.117/bins/exlir.arm6
url,http://2.56.56.117/bins/exlir.arm7
url,http://2.56.56.117/bins/exlir.m68k
url,http://2.56.56.117/bins/exlir.mips
url,http://2.56.56.117/bins/exlir.mpsl
url,http://2.56.56.117/bins/exlir.ppc
url,http://2.56.56.117/bins/exlir.sh4
url,http://2.56.56.117/bins/exlir.spc
url,http://2.56.56.117/bins/exlir.x86
url,http://2.56.56.117/zato/Josho.arm
url,http://2.56.56.117/zato/Josho.arm5
url,http://2.56.56.117/zato/Josho.arm6
url,http://2.56.56.117/zato/Josho.arm7
url,http://2.56.56.117/zato/Josho.m68k
url,http://2.56.56.117/zato/Josho.mips
url,http://2.56.56.117/zato/Josho.mpsl
url,http://2.56.56.117/zato/Josho.ppc
url,http://2.56.56.117/zato/Josho.sh4
url,http://2.56.56.117/zato/Josho.spc
url,http://2.56.56.117/zato/Josho.x86
url,http://2.58.149.206/reader
url,http://2.58.149.95/8UsA.sh
url,http://2.58.149.95/bins/jerusalem.arm
url,http://2.58.149.95/bins/jerusalem.arm5
url,http://2.58.149.95/bins/jerusalem.arm6
url,http://2.58.149.95/bins/jerusalem.m68k
url,http://2.58.149.95/bins/jerusalem.mips
url,http://2.58.149.95/bins/jerusalem.mpsl
url,http://2.58.149.95/bins/jerusalem.ppc
url,http://2.58.149.95/bins/jerusalem.sh4
url,http://2.58.149.95/bins/jerusalem.spc
url,http://2.58.149.95/bins/jerusalem.x86
url,http://205.185.113.59:1234/.inis
url,http://205.185.113.59:1234/.rsyslogds
url,http://205.185.113.59:1234/xms
url,http://205.185.113.59:1234/xmss
url,http://209.141.46.114/reader
url,http://210.141.105.67/wp-content/themes/twentythirteen/m8
url,http://210.141.105.67:80
url,http://210.141.105.67:80/wp-content/themes/twentythirteen/m8
url,http://212.96.189.52/lshboot
url,http://212.96.189.52/mvt/bash
url,http://2599ddb9ef1b4a50.y.psc4fuel.com/oz7tc.class
url,http://3.145.115.94/Main.class
url,http://3.145.115.94/zambo/groenhuyzen.exe
url,http://3.145.115.94/zambos_caldo_de_p.tx
url,http://3.145.115.94/zambos_caldo_de_p.txt
url,http://31.220.58.29
url,http://31.220.58.29/Exploit.class
url,http://31.220.58.29/exploit.class
url,http://31.220.58.29/exploit0.class
url,http://31.220.58.29/foo.class
url,http://31.220.58.29:80
url,http://32fce0c1f193.bingsearchlib.com:39356/a
url,http://34.221.40.237/.x
url,http://34.221.40.237/.x/1sh
url,http://34.221.40.237/.x/3sh
url,http://34.221.40.237/.x/pty1
url,http://34.221.40.237/.x/pty10
url,http://34.221.40.237/.x/pty11
url,http://34.221.40.237/.x/pty2
url,http://34.221.40.237/.x/pty3
url,http://34.221.40.237/.x/pty4
url,http://34.221.40.237/.x/pty5
url,http://34.221.40.237/.x/pty6
url,http://34.221.40.237/.x/pty7
url,http://34.221.40.237/.x/pty8
url,http://34.221.40.237/.x/pty9
url,http://3be6466b6a20.bingsearchlib.com:39356/a
url,http://3e87f42214144c0e9550.y.psc4fuel.com/zg6wo.class
url,http://40.76.9.118/wp-content/themes/twentysixteen/Exploit.class
url,http://45.12.32.14:8080/meshagent.exe
url,http://45.130.229.168/exploit.class
url,http://45.130.229.168:1389
url,http://45.130.229.168:1389/exploit.class
url,http://45.130.229.168:9999
url,http://45.130.229.168:9999/Exploit.class
url,http://45.130.229.168:9999/exploit.class
url,http://45.137.155.55/cron.sh
url,http://45.137.155.55/ex.sh
url,http://45.137.155.55/kinsing
url,http://45.155.205.233:12344
url,http://45.155.205.233:12344/Basic/Command/Base64/KGN1cmwgLXMgNDUuMTU1LjIwNS4yMzM6NTg3NC84Ny4xMzguMTM5Ljc2OjQ0M3x8d2dldCAtcSAtTy0gNDUuMTU1LjIwNS4yMzM6NTg3NC84Ny4xMzguMTM5Ljc2OjQ0Myl8YmFzaA==
url,http://45.155.205.233:12344/Basic/Command/Base64/KGN1cmwgLXMgNDUuMTU1LjIwNS4yMzM6NTg3NC9bdmljdGltIElQXTpbdmljdGltIHBvcnRdfHx3Z2V0IC1xIC1PLSA0NS4xNTUuMjA1LjIzMzo1ODc0L1t2aWN0aW0gSVBdOlt2aWN0aW0gcG9ydF0pfGJhc2gK
url,http://45.155.205.233:5874
url,http://45.155.205.233:5874/87.138.139.76:443
url,http://45.83.193.150:1389
url,http://4579997215e7750180a8.d.requestbin.net/exploit.class
url,http://46.161.52.37
url,http://46.161.52.37/596a96cc7bf9108cd896f33c44aedc8a/db0fa4b8db0333367e9bda3ab68b8042.arc
url,http://46.161.52.37/596a96cc7bf9108cd896f33c44aedc8a/db0fa4b8db0333367e9bda3ab68b8042.arm
url,http://46.161.52.37/596a96cc7bf9108cd896f33c44aedc8a/db0fa4b8db0333367e9bda3ab68b8042.arm6
url,http://46.161.52.37/596a96cc7bf9108cd896f33c44aedc8a/db0fa4b8db0333367e9bda3ab68b8042.arm7
url,http://46.161.52.37/596a96cc7bf9108cd896f33c44aedc8a/db0fa4b8db0333367e9bda3ab68b8042.i686
url,http://46.161.52.37/596a96cc7bf9108cd896f33c44aedc8a/db0fa4b8db0333367e9bda3ab68b8042.m68k
url,http://46.161.52.37/596a96cc7bf9108cd896f33c44aedc8a/db0fa4b8db0333367e9bda3ab68b8042.mips
url,http://46.161.52.37/596a96cc7bf9108cd896f33c44aedc8a/db0fa4b8db0333367e9bda3ab68b8042.mpsl
url,http://46.161.52.37/596a96cc7bf9108cd896f33c44aedc8a/db0fa4b8db0333367e9bda3ab68b8042.ppc
url,http://46.161.52.37/596a96cc7bf9108cd896f33c44aedc8a/db0fa4b8db0333367e9bda3ab68b8042.sh4
url,http://46.161.52.37/596a96cc7bf9108cd896f33c44aedc8a/db0fa4b8db0333367e9bda3ab68b8042.spc
url,http://46.161.52.37/596a96cc7bf9108cd896f33c44aedc8a/db0fa4b8db0333367e9bda3ab68b8042.x86
url,http://47.243.78.246/12
url,http://51.250.28.5/.l/log
url,http://51.250.28.5/.l/pty3
url,http://51.250.28.5/.l/pty4
url,http://54.210.230.186:80/wp-content/themes/twentyfourteen/xmrig.exe
url,http://54.86.65.135/kkk
url,http://62.210.130.250/lh.sh
url,http://62.210.130.250/web/admin
url,http://62.210.130.250/web/admin/x86
url,http://62.210.130.250/web/admin/x86_64
url,http://62.210.130.250/web/admin/x86_g
url,http://62.210.130.250:80/web/admin/x86
url,http://62.210.130.250:80/web/admin/x86_64
url,http://62.210.130.250:80/web/admin/x86_g
url,http://68.183.165.105/.l/log
url,http://68.183.165.105/.l/pty1
url,http://68.183.165.105/.l/pty2
url,http://68.183.165.105/.l/pty3
url,http://68.183.165.105/.l/pty4
url,http://68.183.165.105/.l/pty5
url,http://68.183.165.105/wp-content/themes/twentyseventeen/xmrig64.exe
url,http://68.183.165.105:80/wp-content/themes/twentyseventeen/xmrig64.exe
url,http://6c8d7dd40593.bingsearchlib.com:39356/a
url,http://78.31.71.248:1389
url,http://78.31.71.248:1389/lewrgz
url,http://78.31.71.248:8180/ExecTemplateJDK8.class
url,http://796066049b484f65.y.psc4fuel.com/wpjgh.class
url,http://7faf976567f5.bingsearchlib.com:39356/a
url,http://80.71.158.12/Exploit69ogQNSQYz.class
url,http://80.71.158.12/curl-amd64
url,http://80.71.158.12/exploit69ogqnsqyz.class
url,http://80.71.158.12/kinsing
url,http://80.71.158.12/lh.sh
url,http://80.71.158.12/libsystem.so
url,http://80.71.158.12:5557
url,http://80.71.158.12:5557/Basic/Command/Base64/KGN1cmwgLXMgODAuNzEuMTU4LjEyL2xoLnNofHx3Z2V0IC1xIC1PLSA4MC43MS4xNTguMTIvbGguc2gpfGJhc2g=
url,http://80.71.158.12:80
url,http://80.71.158.44/lh.sh
url,http://82.118.18.201/cron.sh
url,http://82.118.18.201/curl-amd64
url,http://82.118.18.201/kinsing
url,http://82.118.18.201/lh.sh
url,http://82.118.18.201/libsystem.so
url,http://8393fe131d384260.y.psc4fuel.com/hl5ul.class
url,http://91.200.103.249:8080
url,http://91.200.103.249:8080/multi/bins/arc
url,http://91.200.103.249:8080/multi/bins/arm
url,http://91.200.103.249:8080/multi/bins/arm5
url,http://91.200.103.249:8080/multi/bins/arm6
url,http://91.200.103.249:8080/multi/bins/arm7
url,http://91.200.103.249:8080/multi/bins/b
url,http://91.200.103.249:8080/multi/bins/i586
url,http://91.200.103.249:8080/multi/bins/i686
url,http://91.200.103.249:8080/multi/bins/l
url,http://91.200.103.249:8080/multi/bins/mips
url,http://91.200.103.249:8080/multi/bins/mipsel
url,http://91.200.103.249:8080/multi/bins/sh4
url,http://91.200.103.249:8080/multi/bins/sparc
url,http://91.200.103.249:8080/multi/bins/u
url,http://91.200.103.249:8080/multi/bins/x86_64
url,http://91.200.103.249:8080/multi/wget.sh
url,http://92.242.40.21/curl-amd64
url,http://92.242.40.21/kinsing
url,http://92.242.40.21/lh.sh
url,http://92.242.40.21/lh2.sh
url,http://93.189.42.8/kinsing
url,http://93.189.42.8/lh.sh
url,http://agent.apacheorg.top:1234/xmss
url,http://agent.apacheorg.xyz:1234/v
url,http://ahr0chm6ly93yxrjac5hbwf6b24uy28udws6ndqz.4579997215e7750180a8.d.requestbin.net/exploit.class
url,http://app04.gpsts.co.za/report/asset/rwlogbook.class?7m6wlbv3hofiq6iziq9ti4ml1a0kltu1%202020-03-01%2000:00:00%202020-03-31%2023:59:59%20120%20csv%20fd5z8j7c01htm12zapbuvp5uzb3uq3rh
url,http://b79fe53524f04aeb.y.psc4fuel.com/wmi6p.class
url,http://c54f05d3df5740bb.y.psc4fuel.com/9y8ah.class
url,http://c6pj00ppfhiq0g1pq80gcg3i5hyyggscg.interactsh.com/exploit.class
url,http://csminas.ddns.net/W6G/FBAuWkkklgbtq.bin
url,http://cucsur.udgvirtual.udg.mx/oa/2020/SisTur/71P2/LKgrPRYhxVYkkklgbtq.bin
url,http://cucsur.udgvirtual.udg.mx/oa/2020/SisTur/G99ZTE/m.py
url,http://d.requestbin.net/exploit.class
url,http://dqwowqjudhqwdhasdadadw.com/noe/itpidd.class
url,http://e86eafcf9294.bingsearchlib.com:39356/a
url,http://gimmoxen.com/u/z-1azs15-fc-iar-hklh-d1j9.class
url,http://ioa.sool3.com.ar/greybox/YJQ/nEPSFGibBtIZkkklgbtq.bin
url,http://kmwor1d.asuscomm.com/explit.class
url,http://litpartyrentals.com/wp-content/cache/wpfc-minified/67273691029ce8ed8d3b62f94192b675/maxusers.class
url,http://longwang-sword.com:8000/Exploit.class
url,http://longwang-sword.com:8000/Exploit.java
url,http://longwang-sword.com:9001/bin/sh
url,http://lurchmath.org/wordpress-temp/wp-content/plugins/mine.bat
url,http://lurchmath.org/wordpress-temp/wp-content/plugins/nssm.zip
url,http://lurchmath.org/wordpress-temp/wp-content/plugins/xmrig-6.zip
url,http://pickyourfavadnetwork.com/pwnme.class
url,http://second-stage.attacker.com/exploit.class
url,http://second-stage.example.com/exploit.class
url,http://skyviewonlineltd.com/KX21XM/ilfwuakkklgbtq.bin
url,http://test.verble.rocks/dorflersaladreviews.bin.encrypted
url,http://test.verble.rocks/dorflersaladreviews.jar
url,http://webkaksa.com/59F1/christmas.py
url,http://www.alldomaininfo.com/00PYP9/fuck_niggers_51.hta
url,http://www.alldomaininfo.com/015QZ4/fuck_niggers_54.hta
url,http://www.alldomaininfo.com/0QMMJX/fuck_niggers_12.hta
url,http://www.alldomaininfo.com/18CKF/fuck_niggers_36.hta
url,http://www.alldomaininfo.com/1D7/fuck_niggers_9.hta
url,http://www.alldomaininfo.com/1FKXQ/fuck_niggers_59.hta
url,http://www.alldomaininfo.com/1WQV/fuck_niggers_10.hta
url,http://www.alldomaininfo.com/24L/fuck_niggers_19.hta
url,http://www.alldomaininfo.com/2XYFLL/fuck_niggers_92.hta
url,http://www.alldomaininfo.com/373/fuck_niggers_98.hta
url,http://www.alldomaininfo.com/39VSS/fuck_niggers_54.hta
url,http://www.alldomaininfo.com/3MT4N8/fuck_niggers_0.hta
url,http://www.alldomaininfo.com/3X7MV/fuck_niggers_31.hta
url,http://www.alldomaininfo.com/438G/fuck_niggers_91.hta
url,http://www.alldomaininfo.com/4XE/fuck_niggers_56.hta
url,http://www.alldomaininfo.com/50KT/fuck_niggers_56.hta
url,http://www.alldomaininfo.com/6A0/fuck_niggers_32.hta
url,http://www.alldomaininfo.com/8AMYY/fuck_niggers_98.hta
url,http://www.alldomaininfo.com/8C03C/fuck_niggers_92.hta
url,http://www.alldomaininfo.com/98JB/fuck_niggers_88.hta
url,http://www.alldomaininfo.com/B45/fuck_niggers_52.hta
url,http://www.alldomaininfo.com/C9K23/fuck_niggers_92.hta
url,http://www.alldomaininfo.com/CGIQ7/fuck_niggers_38.hta
url,http://www.alldomaininfo.com/D4PV9I/fuck_niggers_93.hta
url,http://www.alldomaininfo.com/D9W/fuck_niggers_15.hta
url,http://www.alldomaininfo.com/DBMZ/fuck_niggers_53.hta
url,http://www.alldomaininfo.com/DIY1F6/fuck_niggers_93.hta
url,http://www.alldomaininfo.com/EOM/fuck_niggers_73.hta
url,http://www.alldomaininfo.com/EXYX/fuck_niggers_70.hta
url,http://www.alldomaininfo.com/FUQ/fuck_niggers_7.hta
url,http://www.alldomaininfo.com/GZT/fuck_niggers_58.hta
url,http://www.alldomaininfo.com/H0BX1/fuck_niggers_76.hta
url,http://www.alldomaininfo.com/I233TS/fuck_niggers_68.hta
url,http://www.alldomaininfo.com/J9IPA/fuck_niggers_71.hta
url,http://www.alldomaininfo.com/JJFO4P/fuck_niggers_4.hta
url,http://www.alldomaininfo.com/KLY/fuck_niggers_57.hta
url,http://www.alldomaininfo.com/LC1/fuck_niggers_95.hta
url,http://www.alldomaininfo.com/LODNH/fuck_niggers_90.hta
url,http://www.alldomaininfo.com/LU5NRI/fuck_niggers_12.hta
url,http://www.alldomaininfo.com/M9DFBE/fuck_niggers_31.hta
url,http://www.alldomaininfo.com/MWM/fuck_niggers_77.hta
url,http://www.alldomaininfo.com/QLPYJ/fuck_niggers_89.hta
url,http://www.alldomaininfo.com/R3RW7/fuck_niggers_49.hta
url,http://www.alldomaininfo.com/RKKP6P/fuck_niggers_60.hta
url,http://www.alldomaininfo.com/RS3/fuck_niggers_42.hta
url,http://www.alldomaininfo.com/S4L/fuck_niggers_84.hta
url,http://www.alldomaininfo.com/SLY5Y/fuck_niggers_24.hta
url,http://www.alldomaininfo.com/UCHF/fuck_niggers_86.hta
url,http://www.alldomaininfo.com/UTO/fuck_niggers_99.hta
url,http://www.alldomaininfo.com/VAF/fuck_niggers_43.hta
url,http://www.alldomaininfo.com/W22OE8/fuck_niggers_51.hta
url,http://www.alldomaininfo.com/WBD9ZA/fuck_niggers_40.hta
url,http://www.alldomaininfo.com/WEYMZ7/fuck_niggers_72.hta
url,http://www.alldomaininfo.com/WX9Y/fuck_niggers_86.hta
url,http://www.alldomaininfo.com/XSNKK/fuck_niggers_54.hta
url,http://www.alldomaininfo.com/Y1G1W/fuck_niggers_94.hta
url,http://www.alldomaininfo.com/Y2G/fuck_niggers_14.hta
url,http://www.alldomaininfo.com/YCEL62/fuck_niggers_29.hta
url,http://www.alldomaininfo.com/ZBK/fuck_niggers_57.hta
url,http://www.alldomaininfo.com/ZI97/fuck_niggers_49.hta
url,http://www.woodmagazine.com/default.sph/wcontent_user.class?fnc=categorylink__astory1_html___7___47
url,http://www.woodmagazine.com/default.sph/wcontent_user.class?fnc=emailstory__astory1_html___7___47___129___389
url,http://www.woodmagazine.com/default.sph/wcontent_user.class?fnc=popupimgfa__astory1_html___389___1___1
url,http://www.woodmagazine.com/default.sph/wcontent_user.class?fnc=printstory__astory1_html___7___47___129___389
url,http://www.woodmagazine.com/default.sph/wcontent_user.class?fnc=subcatlink__astory1_html___7___47___129
url,https://015ed9119662.bingsearchlib.com:39356/a
url,https://164.52.212.196:88/je
url,https://45.130.229.168:1389/Exploit
url,https://attacker.com/exploit.class
url,https://baldervain.com/19-1k3pp1-fc-ear-jkoc-d1j9.class
url,https://bpnjabar.tams-app.com/Q6FP/EvVGQtOtkSGFPkkklgbtq.bin
url,https://bvprzqhoz7j2ltin.onion.ly/src/ldm
url,https://bvprzqhoz7j2ltin.onion.ly/src/main
url,https://bvprzqhoz7j2ltin.onion.ws/src/ldm
url,https://bvprzqhoz7j2ltin.onion.ws/src/main
url,https://bvprzqhoz7j2ltin.tor2web.su/src/ldm
url,https://bvprzqhoz7j2ltin.tor2web.su/src/main
url,https://cdn.discordapp.com/attachments/630119108884824070/910547643569164368/fastuse.class
url,https://cdn.discordapp.com/attachments/912162154248015943/913505880522256384/laura.class
url,https://cdn.discordapp.com/attachments/912401139310411857/913540738757820446/use.class
url,https://cdn.discordapp.com/attachments/912401139310411857/913540738904637440/use2.class
url,https://cdn.discordapp.com/attachments/912401139310411857/914552762925195304/hud.class
url,https://cdn.discordapp.com/attachments/912401139310411857/916049575435993138/lucidphase.class
url,https://cdn.fbsbx.com/v/t59.2708-21/261523260_570309860735261_6837498676061670623_n.class/gradesusingarrayswithsorting.class
url,https://daftar.site/ANASOO/ZqpHydykkkklgbtq.bin
url,https://daftar.site/DIIZ/aXXjQAZugmfgEvkkklgbtq.bin
url,https://daftar.site/HEQ1AL/XsjhBjOkmtkkklgbtq.bin
url,https://edutra.co.in/HUS8/christmas.py
url,https://gandalinir.com/a-frllx-h1b-gdf-cl3s-i1my.class
url,https://gandalinir.com/a-frllx-h1b-gdf-cl3s-i1my.class?subid_7=1u3ct181jk09t
url,https://gimmoxen.com/19-1jrsa8-ic-dar-jkys-h1j9.class
url,https://gimmoxen.com/19-1llckp-f18-gar-jkwv-d1mo.class
url,https://gimmoxen.com/u-10o2l6-e18-bar-gl96-i1mo.class
url,https://gimmoxen.com/u-138yvq-ic-far-gkwv-c1j9.class
url,https://gimmoxen.com/u/u-138yvq-ic-far-gkwv-c1j9.class
url,https://gimmoxen.com/z-1azs15-fc-iar-hklh-d1j9.class
url,https://gimmoxen.com/z-1azs15-fc-iar-hklh-d1j9.class?subid_1=im_at_&subid_2=7fd0b24a-7948-4e7f-b4b2-d89282e3cf92&subid_7=pmfnzkatsvmhhc8zp5yqza
url,https://gimmoxen.com/z-1azs15-fc-iar-hklh-d1j9.class?subid_1=im_cd_&subid_2=18302521-c4e4-489e-82fd-5690674306e5&subid_7=9wcxkfhjszzrwpgyrxzbvo
url,https://gimmoxen.com/z-1azs15-fc-iar-hklh-d1j9.class?subid_1=im_cd_&subid_2=8eaea5aa-69ca-40b5-8084-65c50f4d78e4&subid_7=cpnc1cggkkgdrunqqkcun7
url,https://gimmoxen.com/z-1azs15-fc-iar-hklh-d1j9.class?subid_1=im_cd_&subid_2=9d9b04e5-9023-480b-b390-5bf83ea80179&subid_7=qmypdeyzuwifusgyzrikyo
url,https://gimmoxen.com/z-1azs15-fc-iar-hklh-d1j9.class?subid_1=im_cd_&subid_2=aa28937c-85c8-4f6e-ba7b-5f6812ad640e&subid_7=llr9aq1r4h4wymiyr69lcw
url,https://gimmoxen.com/z-1azs15-fc-iar-hklh-d1j9.class?subid_1=im_pr_&subid_2=24b9086f-70de-4de4-8fc8-82209cf1b546&subid_7=2snvfqh1tw5hqewwam9ypn
url,https://gimmoxen.com/z-1azs15-fc-iar-hklh-d1j9.class?subid_1=im_pr_&subid_2=24b9086f-70de-4de4-8fc8-82209cf1b546&subid_7=elsfhzhgoznxdewntamz9q
url,https://gimmoxen.com/z-1azs15-fc-iar-hklh-d1j9.class?subid_1=im_pr_&subid_2=24b9086f-70de-4de4-8fc8-82209cf1b546&subid_7=f6aybvz3y47ua4rti4g28e
url,https://github.com/offensive-security/exploit-database-bin-sploits/raw/master/bin-sploits/40848.class
url,https://github.com/offensive-security/exploitdb-bin-sploits/raw/master/bin-sploits/40848.class
url,https://github.com/tangxiaofeng7/apache-log4j-poc/blob/main/target/classes/log4j.class
url,https://icme.hpc.msstate.edu/mediawiki/images/9/9a/nnd_.class
url,https://ij.imjoy.io/ij153/plugins/filters/fast_filters
url,https://medino.co.in/khgqz/22PAG1/MxOMekkklgbtq.bin
url,https://mionakora.com/f-my6w7-b1o-idz-dksp-e1nm.class
url,https://mionakora.com/k-rx4nk-c1o-gdz-ekih-j1nm.class
url,https://pasrtsebarium.com/14-1dznzz-hc-dar-ikys-g1j9.class
url,https://pasrtsebarium.com/14-1e470x-jc-ear-ikdw-h1j9.class
url,https://pasrtsebarium.com/19-1k5kr4-cc-ear-jkw2-b1j9.class
url,https://pasrtsebarium.com/5-9sc3k-cc-gar-bkw2-d1j9.class
url,https://pasrtsebarium.com/a-e3ge9-bc-dar-ckwv-h1j9.class
url,https://pasrtsebarium.com/p-v26fa-ec-car-fkdl-g1j9.class
url,https://pasrtsebarium.com/u-12mh27-bc-ear-gkw2-h1j9.class
url,https://pasrtsebarium.com/u-12t8pw-cc-far-gkw2-i1j9.class
url,https://pasrtsebarium.com/u/14-1dznzz-hc-dar-ikys-g1j9.class
url,https://pasrtsebarium.com/u/5-a0pr5-hc-gar-bklh-c1j9.class?subid_1=16355373&subid_2=6ad0dd36-3ed9-425c-862a-d60aaf740a43&subid_7=98o96qm7wu4mqmnqkcgphb
url,https://pasrtsebarium.com/u/a-e3ge9-bc-dar-ckwv-h1j9.class
url,https://preusz.com/Y6E/lAEJRQoZtqYkkklgbtq.bin
url,https://raw.githubusercontent.com/MoneroOcean/xmrig_setup/master/setup_moneroocean_miner.bat
url,https://raw.githubusercontent.com/offensive-security/exploitdb-bin-sploits/master/bin-sploits/40848.class
url,https://shosril.com/z-19fsc4-e1d-gdp-hk8q-b1mw.class
url,https://shosril.com/z-19fsc4-e1d-gdp-hk8q-b1mw.class?subid_7=mtil5mi1puqgy5wnkx2ygp
url,https://sites.google.com/view/maintest01
url,https://vemgreild.com/5-azqw4-c1h-idz-bkwv-g1nl.class
url,https://vemgreild.com/a-eyszl-h1h-fdz-ck8r-d1nl.class?subid_1=4681023&subid_2=10_1968469&subid_7=487737896030442354
url,https://vemgreild.com/a-gl8vi-e1h-hdz-cksp-g1nl.class
url,https://vemgreild.com/p-vnrla-c1h-ddz-fklh-h1nl.class
url,https://vemgreild.com/p-vnrla-c1h-ddz-fklh-h1nl.class?subid_1=im_pr_&subid_2=0cf13b5a-4bc7-42c6-91d6-31d09a3f0d55&subid_7=8t7hdcydc96lydrhxb8mee
url,https://vemgreild.com/p-vnrla-c1h-ddz-fklh-h1nl.class?subid_1=propellers+vz_2881944&subid_2=4038a911-8a44-4551-b7b4-d77102cfe6a6&subid_7=kfayhvnsdmqv3nagv4rnss
url,https://vemgreild.com/p-vnrla-c1h-ddz-fklh-h1nl.class?subid_2=ddd02f38-b70e-4483-a82a-f67b21ea1fb0&subid_7=6kbrezcxwcbdxkwj7k6mgk
url,https://vemgreild.com/p-vnrla-c1h-ddz-fklh-h1nl.class?subid_2=ddd02f38-b70e-4483-a82a-f67b21ea1fb0&subid_7=7ot88g5e6ivihlqwcvv2h6
url,https://vemgreild.com/p-vnrla-c1h-ddz-fklh-h1nl.class?subid_2=ddd02f38-b70e-4483-a82a-f67b21ea1fb0&subid_7=lf5jnitfsetihhuwz9hmf2
url,https://vemgreild.com/p-vnrla-c1h-ddz-fklh-h1nl.class?subid_2=ddd02f38-b70e-4483-a82a-f67b21ea1fb0&subid_7=lzfktsga4toukz9uggiq1x
url,https://vemgreild.com/p-vnrla-c1h-ddz-fklh-h1nl.class?subid_2=ddd02f38-b70e-4483-a82a-f67b21ea1fb0&subid_7=q4v5apfnnkge3hzv1x35uy
url,https://vemgreild.com/u-12bb0h-h1h-edz-gi9g-f1nl.class
url,https://vemgreild.com/z-1aqd7l-d1h-idz-hlaf-j1nl.class
url,https://wwwcie.ups.com/u.a/l.class?8rnctevzjrbtwwbamndjd8frhhmrrtmhdlp0sp
